Termék név;Termék kód;EUR;HUF;
ActionClima FX-VA 130 parapet fan-coil;FXVA130; 304,48 € ; 121 794 Ft ;
ActionClima FX-VA 230 parapet fan-coil;FXVA230; 321,24 € ; 128 494 Ft ;
ActionClima FX-VA 330 parapet fan-coil;FXVA330; 334,05 € ; 133 618 Ft ;
ActionClima FX-VA 430 parapet fan-coil;FXVA430; 368,53 € ; 147 414 Ft ;
ActionClima FX-VA 530 parapet fan-coil;FXVA530; 401,05 € ; 160 421 Ft ;
ActionClima FX-VA 630 parapet fan-coil;FXVA630; 447,37 € ; 178 946 Ft ;
ActionClima FX-VA 730 parapet fan-coil;FXVA730; 504,52 € ; 201 807 Ft ;
ActionClima FX-VA 830 parapet fan-coil;FXVA830; 547,87 € ; 219 150 Ft ;
ActionClima FX-VA 930 parapet fan-coil;FXVA930; 590,25 € ; 236 099 Ft ;
ActionClima FX-VA 1030 parapet fan-coil;FXVA1030; 631,63 € ; 252 653 Ft ;
ActionClima FX-VA 1130 parapet fan-coil;FXVA1130; 741,01 € ; 296 404 Ft ;
ActionClima FX-VA 1230 parapet fan-coil;FXVA1230; 812,94 € ; 325 178 Ft ;
ActionClima FX-VB 130 parapet fan-coil;FXVB130; 322,22 € ; 128 889 Ft ;
ActionClima FX-VB 230 parapet fan-coil;FXVB230; 337,99 € ; 135 195 Ft ;
ActionClima FX-VB 330 parapet fan-coil;FXVB330; 356,71 € ; 142 684 Ft ;
ActionClima FX-VB 430 parapet fan-coil;FXVB430; 390,21 € ; 156 085 Ft ;
ActionClima FX-VB 530 parapet fan-coil;FXVB530; 427,66 € ; 171 063 Ft ;
ActionClima FX-VB 630 parapet fan-coil;FXVB630; 473,97 € ; 189 588 Ft ;
ActionClima FX-VB 730 parapet fan-coil;FXVB730; 535,06 € ; 214 026 Ft ;
ActionClima FX-VB 830 parapet fan-coil;FXVB830; 578,42 € ; 231 369 Ft ;
ActionClima FX-VB 930 parapet fan-coil;FXVB930; 625,72 € ; 250 288 Ft ;
ActionClima FX-VB 1030 parapet fan-coil;FXVB1030; 667,11 € ; 266 843 Ft ;
ActionClima FX-VB 1130 parapet fan-coil;FXVB1130; 781,41 € ; 312 565 Ft ;
ActionClima FX-VB 1230 parapet fan-coil;FXVB1230; 853,34 € ; 341 338 Ft ;
ActionClima FX-HA 130  mennyezeti fan-coil;FXHA130; 324,19 € ; 129 677 Ft ;
ActionClima FX-HA 230  mennyezeti fan-coil;FXHA230; 340,94 € ; 136 378 Ft ;
ActionClima FX-HA 330  mennyezeti fan-coil;FXHA330; 355,72 € ; 142 290 Ft ;
ActionClima FX-HA 430  mennyezeti fan-coil;FXHA430; 389,23 € ; 155 691 Ft ;
ActionClima FX-HA 530  mennyezeti fan-coil;FXHA530; 422,73 € ; 169 092 Ft ;
ActionClima FX-HA 630  mennyezeti fan-coil;FXHA630; 469,04 € ; 187 618 Ft ;
ActionClima FX-HA 730  mennyezeti fan-coil;FXHA730; 527,18 € ; 210 873 Ft ;
ActionClima FX-HA 830  mennyezeti fan-coil;FXHA830; 570,54 € ; 228 216 Ft ;
ActionClima FX-HA 930  mennyezeti fan-coil;FXHA930; 614,88 € ; 245 952 Ft ;
ActionClima FX-HA 1030  mennyezeti fan-coil;FXHA1030; 655,28 € ; 262 113 Ft ;
ActionClima FX-HA 1130  mennyezeti fan-coil;FXHA1130; 765,65 € ; 306 258 Ft ;
ActionClima FX-HA 1230  mennyezeti fan-coil;FXHA1230; 838,56 € ; 335 426 Ft ;
ActionClima FX-HB 130  mennyezeti fan-coil;FXHB130; 340,94 € ; 136 378 Ft ;
ActionClima FX-HB 230  mennyezeti fan-coil;FXHB230; 357,70 € ; 143 078 Ft ;
ActionClima FX-HB 330  mennyezeti fan-coil;FXHB330; 377,40 € ; 150 961 Ft ;
ActionClima FX-HB 430  mennyezeti fan-coil;FXHB430; 409,92 € ; 163 968 Ft ;
ActionClima FX-HB 530  mennyezeti fan-coil;FXHB530; 449,34 € ; 179 735 Ft ;
ActionClima FX-HB 630  mennyezeti fan-coil;FXHB630; 495,65 € ; 198 260 Ft ;
ActionClima FX-HB 730  mennyezeti fan-coil;FXHB730; 557,73 € ; 223 092 Ft ;
ActionClima FX-HB 830  mennyezeti fan-coil;FXHB830; 602,07 € ; 240 828 Ft ;
ActionClima FX-HB 930  mennyezeti fan-coil;FXHB930; 649,37 € ; 259 748 Ft ;
ActionClima FX-HB 1030  mennyezeti fan-coil;FXHB1030; 691,74 € ; 276 697 Ft ;
ActionClima FX-HB 1130  mennyezeti fan-coil;FXHB1130; 806,05 € ; 322 418 Ft ;
ActionClima FX-HB 1230  mennyezeti fan-coil;FXHB1230; 878,96 € ; 351 586 Ft ;
ActionClima FX-CA 130 parapet fan-coil;FXCA130; 242,41 € ; 96 962 Ft ;
ActionClima FX-CA 230 parapet fan-coil;FXCA230; 258,17 € ; 103 269 Ft ;
ActionClima FX-CA 330 parapet fan-coil;FXCA330; 260,14 € ; 104 057 Ft ;
ActionClima FX-CA 430 parapet fan-coil;FXCA430; 293,65 € ; 117 458 Ft ;
ActionClima FX-CA 530 parapet fan-coil;FXCA530; 317,29 € ; 126 918 Ft ;
ActionClima FX-CA 630 parapet fan-coil;FXCA630; 362,62 € ; 145 049 Ft ;
ActionClima FX-CA 730 parapet fan-coil;FXCA730; 408,94 € ; 163 574 Ft ;
ActionClima FX-CA 830 parapet fan-coil;FXCA830; 452,29 € ; 180 917 Ft ;
ActionClima FX-CA 930 parapet fan-coil;FXCA930; 485,80 € ; 194 318 Ft ;
ActionClima FX-CA 1030 parapet fan-coil;FXCA1030; 527,18 € ; 210 873 Ft ;
ActionClima FX-CA 1130 parapet fan-coil;FXCA1130; 625,72 € ; 250 288 Ft ;
ActionClima FX-CA 1230 parapet fan-coil;FXCA1230; 696,67 € ; 278 667 Ft ;
ActionClima FX-CB 130 parapet fan-coil;FXCB130; 245,36 € ; 98 145 Ft ;
ActionClima FX-CB 230 parapet fan-coil;FXCB230; 262,11 € ; 104 845 Ft ;
ActionClima FX-CB 330 parapet fan-coil;FXCB330; 263,10 € ; 105 239 Ft ;
ActionClima FX-CB 430 parapet fan-coil;FXCB430; 297,59 € ; 119 035 Ft ;
ActionClima FX-CB 530 parapet fan-coil;FXCB530; 320,25 € ; 128 100 Ft ;
ActionClima FX-CB 630 parapet fan-coil;FXCB630; 366,56 € ; 146 626 Ft ;
ActionClima FX-CB 730 parapet fan-coil;FXCB730; 412,88 € ; 165 151 Ft ;
ActionClima FX-CB 830 parapet fan-coil;FXCB830; 457,22 € ; 182 888 Ft ;
ActionClima FX-CB 930 parapet fan-coil;FXCB930; 488,75 € ; 195 501 Ft ;
ActionClima FX-CB 1030 parapet fan-coil;FXCB1030; 530,14 € ; 212 055 Ft ;
ActionClima FX-CB 1130 parapet fan-coil;FXCB1130; 628,68 € ; 251 471 Ft ;
ActionClima FX-CB 1230 parapet fan-coil;FXCB1230; 700,61 € ; 280 244 Ft ;
ActionClima FX-CH 130 €lmennyezeti fan-coil;FXCH130; 246,35 € ; 98 539 Ft ;
ActionClima FX-CH 230 €lmennyezeti fan-coil;FXCH230; 263,10 € ; 105 239 Ft ;
ActionClima FX-CH 330 €lmennyezeti fan-coil;FXCH330; 264,08 € ; 105 633 Ft ;
ActionClima FX-CH 430 €lmennyezeti fan-coil;FXCH430; 298,57 € ; 119 429 Ft ;
ActionClima FX-CH 530 €lmennyezeti fan-coil;FXCH530; 321,24 € ; 128 494 Ft ;
ActionClima FX-CH 630 €lmennyezeti fan-coil;FXCH630; 367,55 € ; 147 020 Ft ;
ActionClima FX-CH 730 €lmennyezeti fan-coil;FXCH730; 413,86 € ; 165 545 Ft ;
ActionClima FX-CH 830 €lmennyezeti fan-coil;FXCH830; 458,20 € ; 183 282 Ft ;
ActionClima FX-CH 930 €lmennyezeti fan-coil;FXCH930; 489,74 € ; 195 895 Ft ;
ActionClima FX-CH 1030 €lmennyezeti fan-coil;FXCH1030; 531,12 € ; 212 449 Ft ;
ActionClima FX-CH 1130 €lmennyezeti fan-coil;FXCH1130; 629,66 € ; 251 865 Ft ;
ActionClima FX-CH 1230 €lmennyezeti fan-coil;FXCH1230; 701,60 € ; 280 638 Ft ;
ActionClima FX-CK 130 €lmennyezeti fan-coil;FXCK130; 249,30 € ; 99 721 Ft ;
ActionClima FX-CK 230 €lmennyezeti fan-coil;FXCK230; 265,07 € ; 106 028 Ft ;
ActionClima FX-CK 330 €lmennyezeti fan-coil;FXCK330; 268,03 € ; 107 210 Ft ;
ActionClima FX-CK 430 €lmennyezeti fan-coil;FXCK430; 300,54 € ; 120 217 Ft ;
ActionClima FX-CK 530 €lmennyezeti fan-coil;FXCK530; 323,21 € ; 129 283 Ft ;
ActionClima FX-CK 630 €lmennyezeti fan-coil;FXCK630; 369,52 € ; 147 808 Ft ;
ActionClima FX-CK 730 €lmennyezeti fan-coil;FXCK730; 416,82 € ; 166 727 Ft ;
ActionClima FX-CK 830 €lmennyezeti fan-coil;FXCK830; 460,18 € ; 184 070 Ft ;
ActionClima FX-CK 930 €lmennyezeti fan-coil;FXCK930; 493,68 € ; 197 471 Ft ;
ActionClima FX-CK 1030 €lmennyezeti fan-coil;FXCK1030; 534,08 € ; 213 632 Ft ;
ActionClima FX-CK 1130 €lmennyezeti fan-coil;FXCK1130; 632,62 € ; 253 047 Ft ;
ActionClima FX-CK 1230 €lmennyezeti fan-coil;FXCK1230; 703,57 € ; 281 426 Ft ;
ActionClima FX-CE 230 parapet fan-coil;FXCE230; 321,24 € ; 128 494 Ft ;
ActionClima FX-CE 430 parapet fan-coil;FXCE430; 356,71 € ; 142 684 Ft ;
ActionClima FX-CE 630 parapet fan-coil;FXCE630; 425,69 € ; 170 275 Ft ;
ActionClima FX-VD 230 parapet fan-coil;FXVD230; 416,82 € ; 166 727 Ft ;
ActionClima FX-VD 430 parapet fan-coil;FXVD430; 469,04 € ; 187 618 Ft ;
ActionClima FX-VD 630 parapet fan-coil;FXVD630; 552,80 € ; 221 121 Ft ;
ActionClima FX-VD 830 parapet fan-coil;FXVD830; 657,25 € ; 262 901 Ft ;
ActionClima FXE-VA 130 parapet fan-coil, EC motor;FXEVA130; 419,77 € ; 167 910 Ft ;
ActionClima FXE-VA 230 parapet fan-coil, EC motor;FXEVA230; 436,53 € ; 174 611 Ft ;
ActionClima FXE-VA 330 parapet fan-coil, EC motor;FXEVA330; 449,34 € ; 179 735 Ft ;
ActionClima FXE-VA 430 parapet fan-coil, EC motor;FXEVA430; 483,82 € ; 193 530 Ft ;
ActionClima FXE-VA 530 parapet fan-coil, EC motor;FXEVA530; 516,34 € ; 206 537 Ft ;
ActionClima FXE-VA 630 parapet fan-coil, EC motor;FXEVA630; 562,66 € ; 225 062 Ft ;
ActionClima FXE-VA 730 parapet fan-coil, EC motor;FXEVA730; 619,81 € ; 247 923 Ft ;
ActionClima FXE-VA 830 parapet fan-coil, EC motor;FXEVA830; 663,17 € ; 265 266 Ft ;
ActionClima FXE-VA 930 parapet fan-coil, EC motor;FXEVA930; 705,54 € ; 282 215 Ft ;
ActionClima FXE-VA 1030 parapet fan-coil, EC motor;FXEVA1030; 746,92 € ; 298 769 Ft ;
ActionClima FXE-VA 1130 parapet fan-coil, EC motor;FXEVA1130; 949,91 € ; 379 965 Ft ;
ActionClima FXE-VA 1230 parapet fan-coil, EC motor;FXEVA1230; 1 021,85 € ; 408 738 Ft ;
ActionClima FXE-VB 130 parapet fan-coil, EC motor;FXEVB130; 437,51 € ; 175 005 Ft ;
ActionClima FXE-VB 230 parapet fan-coil, EC motor;FXEVB230; 453,28 € ; 181 311 Ft ;
ActionClima FXE-VB 330 parapet fan-coil, EC motor;FXEVB330; 472,00 € ; 188 800 Ft ;
ActionClima FXE-VB 430 parapet fan-coil, EC motor;FXEVB430; 505,50 € ; 202 201 Ft ;
ActionClima FXE-VB 530 parapet fan-coil, EC motor;FXEVB530; 542,95 € ; 217 179 Ft ;
ActionClima FXE-VB 630 parapet fan-coil, EC motor;FXEVB630; 589,26 € ; 235 704 Ft ;
ActionClima FXE-VB 730 parapet fan-coil, EC motor;FXEVB730; 650,36 € ; 260 142 Ft ;
ActionClima FXE-VB 830 parapet fan-coil, EC motor;FXEVB830; 693,71 € ; 277 485 Ft ;
ActionClima FXE-VB 930 parapet fan-coil, EC motor;FXEVB930; 741,01 € ; 296 404 Ft ;
ActionClima FXE-VB 1030 parapet fan-coil, EC motor;FXEVB1030; 782,40 € ; 312 959 Ft ;
ActionClima FXE-VB 1130 parapet fan-coil, EC motor;FXEVB1130; 990,31 € ; 396 125 Ft ;
ActionClima FXE-VB 1230 parapet fan-coil, EC motor;FXEVB1230; 1 062,25 € ; 424 899 Ft ;
ActionClima FXE-HA 130 mennyezeti fan-coil, EC motor;FXEHA130; 439,48 € ; 175 793 Ft ;
ActionClima FXE-HA 230 mennyezeti fan-coil, EC motor;FXEHA230; 456,23 € ; 182 494 Ft ;
ActionClima FXE-HA 330 mennyezeti fan-coil, EC motor;FXEHA330; 471,01 € ; 188 406 Ft ;
ActionClima FXE-HA 430 mennyezeti fan-coil, EC motor;FXEHA430; 504,52 € ; 201 807 Ft ;
ActionClima FXE-HA 530 mennyezeti fan-coil, EC motor;FXEHA530; 538,02 € ; 215 208 Ft ;
ActionClima FXE-HA 630 mennyezeti fan-coil, EC motor;FXEHA630; 584,33 € ; 233 734 Ft ;
ActionClima FXE-HA 730 mennyezeti fan-coil, EC motor;FXEHA730; 642,47 € ; 256 989 Ft ;
ActionClima FXE-HA 830 mennyezeti fan-coil, EC motor;FXEHA830; 685,83 € ; 274 332 Ft ;
ActionClima FXE-HA 930 mennyezeti fan-coil, EC motor;FXEHA930; 730,17 € ; 292 069 Ft ;
ActionClima FXE-HA 1030 mennyezeti fan-coil, EC motor;FXEHA1030; 770,57 € ; 308 229 Ft ;
ActionClima FXE-HA 1130 mennyezeti fan-coil, EC motor;FXEHA1130; 974,55 € ; 389 819 Ft ;
ActionClima FXE-HA 1230 mennyezeti fan-coil, EC motor;FXEHA1230; 1 047,47 € ; 418 986 Ft ;
ActionClima FXE-HB 130 mennyezeti fan-coil, EC motor;FXEHB130; 456,23 € ; 182 494 Ft ;
ActionClima FXE-HB 230 mennyezeti fan-coil, EC motor;FXEHB230; 472,99 € ; 189 194 Ft ;
ActionClima FXE-HB 330 mennyezeti fan-coil, EC motor;FXEHB330; 492,69 € ; 197 077 Ft ;
ActionClima FXE-HB 430 mennyezeti fan-coil, EC motor;FXEHB430; 525,21 € ; 210 084 Ft ;
ActionClima FXE-HB 530 mennyezeti fan-coil, EC motor;FXEHB530; 564,63 € ; 225 851 Ft ;
ActionClima FXE-HB 630 mennyezeti fan-coil, EC motor;FXEHB630; 610,94 € ; 244 376 Ft ;
ActionClima FXE-HB 730 mennyezeti fan-coil, EC motor;FXEHB730; 673,02 € ; 269 208 Ft ;
ActionClima FXE-HB 830 mennyezeti fan-coil, EC motor;FXEHB830; 717,36 € ; 286 945 Ft ;
ActionClima FXE-HB 930 mennyezeti fan-coil, EC motor;FXEHB930; 764,66 € ; 305 864 Ft ;
ActionClima FXE-HB 1030 mennyezeti fan-coil, EC motor;FXEHB1030; 807,03 € ; 322 813 Ft ;
ActionClima FXE-HB 1130 mennyezeti fan-coil, EC motor;FXEHB1130; 1 014,95 € ; 405 979 Ft ;
ActionClima FXE-HB 1230 mennyezeti fan-coil, EC motor;FXEHB1230; 1 087,87 € ; 435 147 Ft ;
ActionClima FXE-CA 130 parapet fan-coil, EC motor;FXECA130; 357,70 € ; 143 078 Ft ;
ActionClima FXE-CA 230 parapet fan-coil, EC motor;FXECA230; 373,46 € ; 149 385 Ft ;
ActionClima FXE-CA 330 parapet fan-coil, EC motor;FXECA330; 375,43 € ; 150 173 Ft ;
ActionClima FXE-CA 430 parapet fan-coil, EC motor;FXECA430; 408,94 € ; 163 574 Ft ;
ActionClima FXE-CA 530 parapet fan-coil, EC motor;FXECA530; 432,58 € ; 173 034 Ft ;
ActionClima FXE-CA 630 parapet fan-coil, EC motor;FXECA630; 477,91 € ; 191 165 Ft ;
ActionClima FXE-CA 730 parapet fan-coil, EC motor;FXECA730; 524,23 € ; 209 690 Ft ;
ActionClima FXE-CA 830 parapet fan-coil, EC motor;FXECA830; 567,58 € ; 227 033 Ft ;
ActionClima FXE-CA 930 parapet fan-coil, EC motor;FXECA930; 601,09 € ; 240 434 Ft ;
ActionClima FXE-CA 1030 parapet fan-coil, EC motor;FXECA1030; 642,47 € ; 256 989 Ft ;
ActionClima FXE-CA 1130 parapet fan-coil, EC motor;FXECA1130; 834,62 € ; 333 849 Ft ;
ActionClima FXE-CA 1230 parapet fan-coil, EC motor;FXECA1230; 905,57 € ; 362 228 Ft ;
ActionClima FXE-CB 130 parapet fan-coil, EC motor;FXECB130; 360,65 € ; 144 261 Ft ;
ActionClima FXE-CB 230 parapet fan-coil, EC motor;FXECB230; 377,40 € ; 150 961 Ft ;
ActionClima FXE-CB 330 parapet fan-coil, EC motor;FXECB330; 378,39 € ; 151 355 Ft ;
ActionClima FXE-CB 430 parapet fan-coil, EC motor;FXECB430; 412,88 € ; 165 151 Ft ;
ActionClima FXE-CB 530 parapet fan-coil, EC motor;FXECB530; 435,54 € ; 174 216 Ft ;
ActionClima FXE-CB 630 parapet fan-coil, EC motor;FXECB630; 481,85 € ; 192 742 Ft ;
ActionClima FXE-CB 730 parapet fan-coil, EC motor;FXECB730; 528,17 € ; 211 267 Ft ;
ActionClima FXE-CB 830 parapet fan-coil, EC motor;FXECB830; 572,51 € ; 229 004 Ft ;
ActionClima FXE-CB 930 parapet fan-coil, EC motor;FXECB930; 604,04 € ; 241 617 Ft ;
ActionClima FXE-CB 1030 parapet fan-coil, EC motor;FXECB1030; 645,43 € ; 258 171 Ft ;
ActionClima FXE-CB 1130 parapet fan-coil, EC motor;FXECB1130; 837,58 € ; 335 031 Ft ;
ActionClima FXE-CB 1230 parapet fan-coil, EC motor;FXECB1230; 909,51 € ; 363 805 Ft ;
ActionClima FXE-CH 130 €lmennyezeti fan-coil, EC motor;FXECH130; 360,65 € ; 144 261 Ft ;
ActionClima FXE-CH 230 €lmennyezeti fan-coil, EC motor;FXECH230; 377,40 € ; 150 961 Ft ;
ActionClima FXE-CH 330 €lmennyezeti fan-coil, EC motor;FXECH330; 378,39 € ; 151 355 Ft ;
ActionClima FXE-CH 430 €lmennyezeti fan-coil, EC motor;FXECH430; 412,88 € ; 165 151 Ft ;
ActionClima FXE-CH 530 €lmennyezeti fan-coil, EC motor;FXECH530; 435,54 € ; 174 216 Ft ;
ActionClima FXE-CH 630 €lmennyezeti fan-coil, EC motor;FXECH630; 481,85 € ; 192 742 Ft ;
ActionClima FXE-CH 730 €lmennyezeti fan-coil, EC motor;FXECH730; 528,17 € ; 211 267 Ft ;
ActionClima FXE-CH 830 €lmennyezeti fan-coil, EC motor;FXECH830; 572,51 € ; 229 004 Ft ;
ActionClima FXE-CH 930 €lmennyezeti fan-coil, EC motor;FXECH930; 604,04 € ; 241 617 Ft ;
ActionClima FXE-CH 1030 €lmennyezeti fan-coil, EC motor;FXECH1030; 645,43 € ; 258 171 Ft ;
ActionClima FXE-CH 1130 €lmennyezeti fan-coil, EC motor;FXECH1130; 837,58 € ; 335 031 Ft ;
ActionClima FXE-CH 1230 €lmennyezeti fan-coil, EC motor;FXECH1230; 909,51 € ; 363 805 Ft ;
ActionClima FXE-CK 130 €lmennyezeti fan-coil, EC motor;FXECK130; 364,59 € ; 145 837 Ft ;
ActionClima FXE-CK 230 €lmennyezeti fan-coil, EC motor;FXECK230; 380,36 € ; 152 144 Ft ;
ActionClima FXE-CK 330 €lmennyezeti fan-coil, EC motor;FXECK330; 383,32 € ; 153 326 Ft ;
ActionClima FXE-CK 430 €lmennyezeti fan-coil, EC motor;FXECK430; 415,83 € ; 166 333 Ft ;
ActionClima FXE-CK 530 €lmennyezeti fan-coil, EC motor;FXECK530; 438,50 € ; 175 399 Ft ;
ActionClima FXE-CK 630 €lmennyezeti fan-coil, EC motor;FXECK630; 484,81 € ; 193 924 Ft ;
ActionClima FXE-CK 730 €lmennyezeti fan-coil, EC motor;FXECK730; 532,11 € ; 212 844 Ft ;
ActionClima FXE-CK 830 €lmennyezeti fan-coil, EC motor;FXECK830; 575,47 € ; 230 186 Ft ;
ActionClima FXE-CK 930 €lmennyezeti fan-coil, EC motor;FXECK930; 608,97 € ; 243 588 Ft ;
ActionClima FXE-CK 1030 €lmennyezeti fan-coil, EC motor;FXECK1030; 649,37 € ; 259 748 Ft ;
ActionClima FXE-CK 1130 €lmennyezeti fan-coil, EC motor;FXECK1130; 841,52 € ; 336 608 Ft ;
ActionClima FXE-CK 1230 €lmennyezeti fan-coil, EC motor;FXECK1230; 912,47 € ; 364 987 Ft ;
ActionClima FX-VA 131 parapet fan-coil;FXVA131; 380,36 € ; 152 144 Ft ;
ActionClima FX-VA 231 parapet fan-coil;FXVA231; 397,11 € ; 158 844 Ft ;
ActionClima FX-VA 331 parapet fan-coil;FXVA331; 420,76 € ; 168 304 Ft ;
ActionClima FX-VA 431 parapet fan-coil;FXVA431; 455,25 € ; 182 099 Ft ;
ActionClima FX-VA 531 parapet fan-coil;FXVA531; 501,56 € ; 200 625 Ft ;
ActionClima FX-VA 631 parapet fan-coil;FXVA631; 547,87 € ; 219 150 Ft ;
ActionClima FX-VA 731 parapet fan-coil;FXVA731; 617,84 € ; 247 135 Ft ;
ActionClima FX-VA 831 parapet fan-coil;FXVA831; 661,19 € ; 264 478 Ft ;
ActionClima FX-VA 931 parapet fan-coil;FXVA931; 727,22 € ; 290 886 Ft ;
ActionClima FX-VA 1031 parapet fan-coil;FXVA1031; 768,60 € ; 307 441 Ft ;
ActionClima FX-VA 1131 parapet fan-coil;FXVA1131; 902,61 € ; 361 046 Ft ;
ActionClima FX-VA 1231 parapet fan-coil;FXVA1231; 974,55 € ; 389 819 Ft ;
ActionClima FX-VB 131 parapet fan-coil;FXVB131; 398,10 € ; 159 238 Ft ;
ActionClima FX-VB 231 parapet fan-coil;FXVB231; 413,86 € ; 165 545 Ft ;
ActionClima FX-VB 331 parapet fan-coil;FXVB331; 443,42 € ; 177 370 Ft ;
ActionClima FX-VB 431 parapet fan-coil;FXVB431; 476,93 € ; 190 771 Ft ;
ActionClima FX-VB 531 parapet fan-coil;FXVB531; 528,17 € ; 211 267 Ft ;
ActionClima FX-VB 631 parapet fan-coil;FXVB631; 574,48 € ; 229 792 Ft ;
ActionClima FX-VB 731 parapet fan-coil;FXVB731; 648,38 € ; 259 354 Ft ;
ActionClima FX-VB 831 parapet fan-coil;FXVB831; 691,74 € ; 276 697 Ft ;
ActionClima FX-VB 931 parapet fan-coil;FXVB931; 762,69 € ; 305 076 Ft ;
ActionClima FX-VB 1031 parapet fan-coil;FXVB1031; 804,08 € ; 321 630 Ft ;
ActionClima FX-VB 1131 parapet fan-coil;FXVB1131; 943,01 € ; 377 206 Ft ;
ActionClima FX-VB 1231 parapet fan-coil;FXVB1231; 1 014,95 € ; 405 979 Ft ;
ActionClima FX-HA 131 mennyezeti fan-coil;FXHA131; 400,07 € ; 160 027 Ft ;
ActionClima FX-HA 231 mennyezeti fan-coil;FXHA231; 416,82 € ; 166 727 Ft ;
ActionClima FX-HA 331 mennyezeti fan-coil;FXHA331; 442,44 € ; 176 975 Ft ;
ActionClima FX-HA 431 mennyezeti fan-coil;FXHA431; 475,94 € ; 190 377 Ft ;
ActionClima FX-HA 531 mennyezeti fan-coil;FXHA531; 523,24 € ; 209 296 Ft ;
ActionClima FX-HA 631 mennyezeti fan-coil;FXHA631; 569,55 € ; 227 821 Ft ;
ActionClima FX-HA 731 mennyezeti fan-coil;FXHA731; 640,50 € ; 256 201 Ft ;
ActionClima FX-HA 831 mennyezeti fan-coil;FXHA831; 683,86 € ; 273 543 Ft ;
ActionClima FX-HA 931 mennyezeti fan-coil;FXHA931; 751,85 € ; 300 740 Ft ;
ActionClima FX-HA 1031 mennyezeti fan-coil;FXHA1031; 792,25 € ; 316 900 Ft ;
ActionClima FX-HA 1131 mennyezeti fan-coil;FXHA1131; 927,25 € ; 370 900 Ft ;
ActionClima FX-HA 1231 mennyezeti fan-coil;FXHA1231; 1 000,17 € ; 400 067 Ft ;
ActionClima FX-HB 131 mennyezeti fan-coil;FXHB131; 416,82 € ; 166 727 Ft ;
ActionClima FX-HB 231 mennyezeti fan-coil;FXHB231; 433,57 € ; 173 428 Ft ;
ActionClima FX-HB 331 mennyezeti fan-coil;FXHB331; 464,12 € ; 185 647 Ft ;
ActionClima FX-HB 431 mennyezeti fan-coil;FXHB431; 496,63 € ; 198 654 Ft ;
ActionClima FX-HB 531 mennyezeti fan-coil;FXHB531; 549,85 € ; 219 938 Ft ;
ActionClima FX-HB 631 mennyezeti fan-coil;FXHB631; 596,16 € ; 238 464 Ft ;
ActionClima FX-HB 731 mennyezeti fan-coil;FXHB731; 671,05 € ; 268 419 Ft ;
ActionClima FX-HB 831 mennyezeti fan-coil;FXHB831; 715,39 € ; 286 156 Ft ;
ActionClima FX-HB 931 mennyezeti fan-coil;FXHB931; 786,34 € ; 314 535 Ft ;
ActionClima FX-HB 1031 mennyezeti fan-coil;FXHB1031; 828,71 € ; 331 484 Ft ;
ActionClima FX-HB 1131 mennyezeti fan-coil;FXHB1131; 967,65 € ; 387 060 Ft ;
ActionClima FX-HB 1231 mennyezeti fan-coil;FXHB1231; 1 040,57 € ; 416 227 Ft ;
ActionClima FX-CA 131 parapet, fan-coil;FXCA131; 318,28 € ; 127 312 Ft ;
ActionClima FX-CA 231 parapet, fan-coil;FXCA231; 334,05 € ; 133 618 Ft ;
ActionClima FX-CA 331 parapet, fan-coil;FXCA331; 346,86 € ; 138 742 Ft ;
ActionClima FX-CA 431 parapet, fan-coil;FXCA431; 380,36 € ; 152 144 Ft ;
ActionClima FX-CA 531 parapet, fan-coil;FXCA531; 417,80 € ; 167 122 Ft ;
ActionClima FX-CA 631 parapet, fan-coil;FXCA631; 463,13 € ; 185 253 Ft ;
ActionClima FX-CA 731 parapet, fan-coil;FXCA731; 522,25 € ; 208 902 Ft ;
ActionClima FX-CA 831 parapet, fan-coil;FXCA831; 565,61 € ; 226 245 Ft ;
ActionClima FX-CA 931 parapet, fan-coil;FXCA931; 622,76 € ; 249 106 Ft ;
ActionClima FX-CA 1031 parapet, fan-coil;FXCA1031; 664,15 € ; 265 660 Ft ;
ActionClima FX-CA 1131 parapet, fan-coil;FXCA1131; 787,32 € ; 314 930 Ft ;
ActionClima FX-CA 1231 parapet, fan-coil;FXCA1231; 858,27 € ; 343 309 Ft ;
ActionClima FX-CB 131 parapet fan-coil;FXCB131; 321,24 € ; 128 494 Ft ;
ActionClima FX-CB 231 parapet fan-coil;FXCB231; 337,99 € ; 135 195 Ft ;
ActionClima FX-CB 331 parapet fan-coil;FXCB331; 349,81 € ; 139 925 Ft ;
ActionClima FX-CB 431 parapet fan-coil;FXCB431; 384,30 € ; 153 720 Ft ;
ActionClima FX-CB 531 parapet fan-coil;FXCB531; 420,76 € ; 168 304 Ft ;
ActionClima FX-CB 631 parapet fan-coil;FXCB631; 467,07 € ; 186 829 Ft ;
ActionClima FX-CB 731 parapet fan-coil;FXCB731; 526,20 € ; 210 479 Ft ;
ActionClima FX-CB 831 parapet fan-coil;FXCB831; 570,54 € ; 228 216 Ft ;
ActionClima FX-CB 931 parapet fan-coil;FXCB931; 625,72 € ; 250 288 Ft ;
ActionClima FX-CB 1031 parapet fan-coil;FXCB1031; 667,11 € ; 266 843 Ft ;
ActionClima FX-CB 1131 parapet fan-coil;FXCB1131; 790,28 € ; 316 112 Ft ;
ActionClima FX-CB 1231 parapet fan-coil;FXCB1231; 862,21 € ; 344 885 Ft ;
ActionClima FX-CH 131 €lmennyezeti fan-coil;FXCH131; 321,24 € ; 128 494 Ft ;
ActionClima FX-CH 231 €lmennyezeti fan-coil;FXCH231; 337,99 € ; 135 195 Ft ;
ActionClima FX-CH 331 €lmennyezeti fan-coil;FXCH331; 349,81 € ; 139 925 Ft ;
ActionClima FX-CH 431 €lmennyezeti fan-coil;FXCH431; 384,30 € ; 153 720 Ft ;
ActionClima FX-CH 531 €lmennyezeti fan-coil;FXCH531; 420,76 € ; 168 304 Ft ;
ActionClima FX-CH 631 €lmennyezeti fan-coil;FXCH631; 467,07 € ; 186 829 Ft ;
ActionClima FX-CH 731 €lmennyezeti fan-coil;FXCH731; 526,20 € ; 210 479 Ft ;
ActionClima FX-CH 831 €lmennyezeti fan-coil;FXCH831; 570,54 € ; 228 216 Ft ;
ActionClima FX-CH 931 €lmennyezeti fan-coil;FXCH931; 625,72 € ; 250 288 Ft ;
ActionClima FX-CH 1031 €lmennyezeti fan-coil;FXCH1031; 667,11 € ; 266 843 Ft ;
ActionClima FX-CH 1131 €lmennyezeti fan-coil;FXCH1131; 790,28 € ; 316 112 Ft ;
ActionClima FX-CH 1231 €lmennyezeti fan-coil;FXCH1231; 862,21 € ; 344 885 Ft ;
ActionClima FX-CK 131 €lmennyezeti fan-coil;FXCK131; 325,18 € ; 130 071 Ft ;
ActionClima FX-CK 231 €lmennyezeti fan-coil;FXCK231; 340,94 € ; 136 378 Ft ;
ActionClima FX-CK 331 €lmennyezeti fan-coil;FXCK331; 354,74 € ; 141 896 Ft ;
ActionClima FX-CK 431 €lmennyezeti fan-coil;FXCK431; 387,26 € ; 154 903 Ft ;
ActionClima FX-CK 531 €lmennyezeti fan-coil;FXCK531; 423,72 € ; 169 486 Ft ;
ActionClima FX-CK 631 €lmennyezeti fan-coil;FXCK631; 470,03 € ; 188 012 Ft ;
ActionClima FX-CK 731 €lmennyezeti fan-coil;FXCK731; 530,14 € ; 212 055 Ft ;
ActionClima FX-CK 831 €lmennyezeti fan-coil;FXCK831; 573,50 € ; 229 398 Ft ;
ActionClima FX-CK 931 €lmennyezeti fan-coil;FXCK931; 630,65 € ; 252 259 Ft ;
ActionClima FX-CK 1031 €lmennyezeti fan-coil;FXCK1031; 671,05 € ; 268 419 Ft ;
ActionClima FX-CK 1131 €lmennyezeti fan-coil;FXCK1131; 794,22 € ; 317 689 Ft ;
ActionClima FX-CK 1231 €lmennyezeti fan-coil;FXCK1231; 865,17 € ; 346 068 Ft ;
ActionClima FXE-VA 131 parapet fan-coil, EC motor;FXEVA131; 532,14 € ; 212 857 Ft ;
ActionClima FXE-VA 231 parapet fan-coil, EC motor;FXEVA231; 548,89 € ; 219 557 Ft ;
ActionClima FXE-VA 331 parapet fan-coil, EC motor;FXEVA331; 572,54 € ; 229 017 Ft ;
ActionClima FXE-VA 431 parapet fan-coil, EC motor;FXEVA431; 607,03 € ; 242 812 Ft ;
ActionClima FXE-VA 531 parapet fan-coil, EC motor;FXEVA531; 653,34 € ; 261 338 Ft ;
ActionClima FXE-VA 631 parapet fan-coil, EC motor;FXEVA631; 699,66 € ; 279 863 Ft ;
ActionClima FXE-VA 731 parapet fan-coil, EC motor;FXEVA731; 769,62 € ; 307 848 Ft ;
ActionClima FXE-VA 831 parapet fan-coil, EC motor;FXEVA831; 812,98 € ; 325 191 Ft ;
ActionClima FXE-VA 931 parapet fan-coil, EC motor;FXEVA931; 879,00 € ; 351 599 Ft ;
ActionClima FXE-VA 1031 parapet fan-coil, EC motor;FXEVA1031; 883,89 € ; 353 557 Ft ;
ActionClima FXE-VA 1131 parapet fan-coil, EC motor;FXEVA1131; 1 111,52 € ; 444 606 Ft ;
ActionClima FXE-VA 1231 parapet fan-coil, EC motor;FXEVA1231; 1 183,45 € ; 473 380 Ft ;
ActionClima FXE-VB 131 parapet fan-coil, EC motor;FXEVB131; 513,39 € ; 205 355 Ft ;
ActionClima FXE-VB 231 parapet fan-coil, EC motor;FXEVB231; 529,15 € ; 211 661 Ft ;
ActionClima FXE-VB 331 parapet fan-coil, EC motor;FXEVB331; 558,71 € ; 223 486 Ft ;
ActionClima FXE-VB 431 parapet fan-coil, EC motor;FXEVB431; 592,22 € ; 236 887 Ft ;
ActionClima FXE-VB 531 parapet fan-coil, EC motor;FXEVB531; 643,46 € ; 257 383 Ft ;
ActionClima FXE-VB 631 parapet fan-coil, EC motor;FXEVB631; 689,77 € ; 275 908 Ft ;
ActionClima FXE-VB 731 parapet fan-coil, EC motor;FXEVB731; 763,67 € ; 305 470 Ft ;
ActionClima FXE-VB 831 parapet fan-coil, EC motor;FXEVB831; 807,03 € ; 322 813 Ft ;
ActionClima FXE-VB 931 parapet fan-coil, EC motor;FXEVB931; 877,98 € ; 351 192 Ft ;
ActionClima FXE-VB 1031 parapet fan-coil, EC motor;FXEVB1031; 919,37 € ; 367 746 Ft ;
ActionClima FXE-VB 1131 parapet fan-coil, EC motor;FXEVB1131; 1 151,92 € ; 460 767 Ft ;
ActionClima FXE-VB 1231 parapet fan-coil, EC motor;FXEVB1231; 1 223,85 € ; 489 540 Ft ;
ActionClima FXE-HA 131 mennyezeti fan-coil, EC motor;FXEHA131; 515,36 € ; 206 143 Ft ;
ActionClima FXE-HA 231 mennyezeti fan-coil, EC motor;FXEHA231; 532,11 € ; 212 844 Ft ;
ActionClima FXE-HA 331 mennyezeti fan-coil, EC motor;FXEHA331; 557,73 € ; 223 092 Ft ;
ActionClima FXE-HA 431 mennyezeti fan-coil, EC motor;FXEHA431; 591,23 € ; 236 493 Ft ;
ActionClima FXE-HA 531 mennyezeti fan-coil, EC motor;FXEHA531; 638,53 € ; 255 412 Ft ;
ActionClima FXE-HA 631 mennyezeti fan-coil, EC motor;FXEHA631; 684,84 € ; 273 937 Ft ;
ActionClima FXE-HA 731 mennyezeti fan-coil, EC motor;FXEHA731; 755,79 € ; 302 317 Ft ;
ActionClima FXE-HA 831 mennyezeti fan-coil, EC motor;FXEHA831; 799,15 € ; 319 659 Ft ;
ActionClima FXE-HA 931 mennyezeti fan-coil, EC motor;FXEHA931; 867,14 € ; 346 856 Ft ;
ActionClima FXE-HA 1031 mennyezeti fan-coil, EC motor;FXEHA1031; 907,54 € ; 363 016 Ft ;
ActionClima FXE-HA 1131 mennyezeti fan-coil, EC motor;FXEHA1131; 1 136,15 € ; 454 460 Ft ;
ActionClima FXE-HA 1231 mennyezeti fan-coil, EC motor;FXEHA1231; 1 209,07 € ; 483 628 Ft ;
ActionClima FXE-HB 131 mennyezeti fan-coil, EC motor;FXEHB131; 532,11 € ; 212 844 Ft ;
ActionClima FXE-HB 231 mennyezeti fan-coil, EC motor;FXEHB231; 548,86 € ; 219 544 Ft ;
ActionClima FXE-HB 331 mennyezeti fan-coil, EC motor;FXEHB331; 579,41 € ; 231 763 Ft ;
ActionClima FXE-HB 431 mennyezeti fan-coil, EC motor;FXEHB431; 611,93 € ; 244 770 Ft ;
ActionClima FXE-HB 531 mennyezeti fan-coil, EC motor;FXEHB531; 665,14 € ; 266 054 Ft ;
ActionClima FXE-HB 631 mennyezeti fan-coil, EC motor;FXEHB631; 711,45 € ; 284 580 Ft ;
ActionClima FXE-HB 731 mennyezeti fan-coil, EC motor;FXEHB731; 786,34 € ; 314 535 Ft ;
ActionClima FXE-HB 831 mennyezeti fan-coil, EC motor;FXEHB831; 830,68 € ; 332 272 Ft ;
ActionClima FXE-HB 931 mennyezeti fan-coil, EC motor;FXEHB931; 901,63 € ; 360 651 Ft ;
ActionClima FXE-HB 1031 mennyezeti fan-coil, EC motor;FXEHB1031; 944,00 € ; 377 600 Ft ;
ActionClima FXE-HB 1131 mennyezeti fan-coil, EC motor;FXEHB1131; 1 176,55 € ; 470 621 Ft ;
ActionClima FXE-HB 1231 mennyezeti fan-coil, EC motor;FXEHB1231; 1 249,47 € ; 499 788 Ft ;
ActionClima FXE-CA 131 parapet fan-coil, EC motor;FXECA131; 433,57 € ; 173 428 Ft ;
ActionClima FXE-CA 231 parapet fan-coil, EC motor;FXECA231; 449,34 € ; 179 735 Ft ;
ActionClima FXE-CA 331 parapet fan-coil, EC motor;FXECA331; 462,15 € ; 184 859 Ft ;
ActionClima FXE-CA 431 parapet fan-coil, EC motor;FXECA431; 495,65 € ; 198 260 Ft ;
ActionClima FXE-CA 531 parapet fan-coil, EC motor;FXECA531; 533,09 € ; 213 238 Ft ;
ActionClima FXE-CA 631 parapet fan-coil, EC motor;FXECA631; 578,42 € ; 231 369 Ft ;
ActionClima FXE-CA 731 parapet fan-coil, EC motor;FXECA731; 637,55 € ; 255 018 Ft ;
ActionClima FXE-CA 831 parapet fan-coil, EC motor;FXECA831; 680,90 € ; 272 361 Ft ;
ActionClima FXE-CA 931 parapet fan-coil, EC motor;FXECA931; 738,05 € ; 295 222 Ft ;
ActionClima FXE-CA 1031 parapet fan-coil, EC motor;FXECA1031; 779,44 € ; 311 776 Ft ;
ActionClima FXE-CA 1131 parapet fan-coil, EC motor;FXECA1131; 996,23 € ; 398 490 Ft ;
ActionClima FXE-CA 1231 parapet fan-coil, EC motor;FXECA1231; 1 067,17 € ; 426 869 Ft ;
ActionClima FXE-CB 131 parapet fan-coil, EC motor;FXECB131; 436,53 € ; 174 611 Ft ;
ActionClima FXE-CB 231 parapet fan-coil, EC motor;FXECB231; 453,28 € ; 181 311 Ft ;
ActionClima FXE-CB 331 parapet fan-coil, EC motor;FXECB331; 465,10 € ; 186 041 Ft ;
ActionClima FXE-CB 431 parapet fan-coil, EC motor;FXECB431; 499,59 € ; 199 836 Ft ;
ActionClima FXE-CB 531 parapet fan-coil, EC motor;FXECB531; 536,05 € ; 214 420 Ft ;
ActionClima FXE-CB 631 parapet fan-coil, EC motor;FXECB631; 582,36 € ; 232 945 Ft ;
ActionClima FXE-CB 731 parapet fan-coil, EC motor;FXECB731; 641,49 € ; 256 595 Ft ;
ActionClima FXE-CB 831 parapet fan-coil, EC motor;FXECB831; 685,83 € ; 274 332 Ft ;
ActionClima FXE-CB 931 parapet fan-coil, EC motor;FXECB931; 741,01 € ; 296 404 Ft ;
ActionClima FXE-CB 1031 parapet fan-coil, EC motor;FXECB1031; 782,40 € ; 312 959 Ft ;
ActionClima FXE-CB 1131 parapet fan-coil, EC motor;FXECB1131; 999,18 € ; 399 673 Ft ;
ActionClima FXE-CB 1231 parapet fan-coil, EC motor;FXECB1231; 1 071,12 € ; 428 446 Ft ;
ActionClima FXE-CH 131 €lmennyezeti fan-coil, EC motor;FXECH131; 436,53 € ; 174 611 Ft ;
ActionClima FXE-CH 231 €lmennyezeti fan-coil, EC motor;FXECH231; 453,28 € ; 181 311 Ft ;
ActionClima FXE-CH 331 €lmennyezeti fan-coil, EC motor;FXECH331; 465,10 € ; 186 041 Ft ;
ActionClima FXE-CH 431 €lmennyezeti fan-coil, EC motor;FXECH431; 499,59 € ; 199 836 Ft ;
ActionClima FXE-CH 531 €lmennyezeti fan-coil, EC motor;FXECH531; 536,05 € ; 214 420 Ft ;
ActionClima FXE-CH 631 €lmennyezeti fan-coil, EC motor;FXECH631; 582,36 € ; 232 945 Ft ;
ActionClima FXE-CH 731 €lmennyezeti fan-coil, EC motor;FXECH731; 641,49 € ; 256 595 Ft ;
ActionClima FXE-CH 831 €lmennyezeti fan-coil, EC motor;FXECH831; 685,83 € ; 274 332 Ft ;
ActionClima FXE-CH 931 €lmennyezeti fan-coil, EC motor;FXECH931; 741,01 € ; 296 404 Ft ;
ActionClima FXE-CH 1031 €lmennyezeti fan-coil, EC motor;FXECH1031; 782,40 € ; 312 959 Ft ;
ActionClima FXE-CH 1131 €lmennyezeti fan-coil, EC motor;FXECH1131; 999,18 € ; 399 673 Ft ;
ActionClima FXE-CH 1231 €lmennyezeti fan-coil, EC motor;FXECH1231; 1 071,12 € ; 428 446 Ft ;
ActionClima FXE-CK 131 €lmennyezeti fan-coil, EC motor;FXECK131; 440,47 € ; 176 187 Ft ;
ActionClima FXE-CK 231 €lmennyezeti fan-coil, EC motor;FXECK231; 456,23 € ; 182 494 Ft ;
ActionClima FXE-CK 331 €lmennyezeti fan-coil, EC motor;FXECK331; 470,03 € ; 188 012 Ft ;
ActionClima FXE-CK 431 €lmennyezeti fan-coil, EC motor;FXECK431; 502,55 € ; 201 019 Ft ;
ActionClima FXE-CK 531 €lmennyezeti fan-coil, EC motor;FXECK531; 539,01 € ; 215 603 Ft ;
ActionClima FXE-CK 631 €lmennyezeti fan-coil, EC motor;FXECK631; 585,32 € ; 234 128 Ft ;
ActionClima FXE-CK 731 €lmennyezeti fan-coil, EC motor;FXECK731; 645,43 € ; 258 171 Ft ;
ActionClima FXE-CK 831 €lmennyezeti fan-coil, EC motor;FXECK831; 688,79 € ; 275 514 Ft ;
ActionClima FXE-CK 931 €lmennyezeti fan-coil, EC motor;FXECK931; 745,94 € ; 298 375 Ft ;
ActionClima FXE-CK 1031 €lmennyezeti fan-coil, EC motor;FXECK1031; 786,34 € ; 314 535 Ft ;
ActionClima FXE-CK 1131 €lmennyezeti fan-coil, EC motor;FXECK1131; 1 003,12 € ; 401 249 Ft ;
ActionClima FXE-CK 1231 €lmennyezeti fan-coil, EC motor;FXECK1231; 1 074,07 € ; 429 629 Ft ;
DPO kieg€sz€t€ cseppt€lca, FX mennyezeti;DPO; 11,32 € ; 4 529 Ft ;
DPV kieg€sz€t€ cseppt€lca, FX parapet;DPV; 14,68 € ; 5 873 Ft ;
Szelepk€szlet, 2 cs€ves fan-coil, 1 ut€ nyit-z€r, 230V, FX/FXE;FXW21.230; 62,46 € ; 24 984 Ft ;
Szelepk€szlet, 2 cs€ves fan-coil, 3 ut€+by pass, 230V, FX/FXE;FXW23.230; 81,16 € ; 32 464 Ft ;
Szelepk€szlet, 4 cs€ves fan-coil, 1 ut€ nyit-z€r, 230V, FX/FXE;FXW41.230; 118,37 € ; 47 350 Ft ;
Szelepk€szlet, 4 cs€ves fan-coil, 3 ut€+by pass, 230V, FX/FXE;FXW43.230; 153,37 € ; 61 349 Ft ;
Szelepk€szlet, 2 cs€ves fan-coil, 1 ut€ nyit-z€r, 24V, FX/FXE;FXW21.24; 64,42 € ; 25 768 Ft ;
Szelepk€szlet, 2 cs€ves fan-coil, 3 ut€+by pass, 24V, FX/FXE;FXW23.24; 83,12 € ; 33 249 Ft ;
Szelepk€szlet, 4 cs€ves fan-coil, 1 ut€ nyit-z€r, 24V, FX/FXE;FXW41.24; 122,30 € ; 48 919 Ft ;
Szelepk€szlet, 4 cs€ves fan-coil, 3 ut€+by pass, 24V, FX/FXE;FXW43.24; 157,30 € ; 62 919 Ft ;
ActionClima V4R-2   h€cser€l€, 4 soros;V4R2; 25,62 € ; 10 248 Ft ;
ActionClima V4R-4   h€cser€l€, 4 soros;V4R4; 35,47 € ; 14 190 Ft ;
ActionClima V4R-6  h€cser€l€, 4 soros;V4R6; 52,23 € ; 20 890 Ft ;
ActionClima V4R-8  h€cser€l€, 4 soros;V4R8; 61,09 € ; 24 438 Ft ;
ActionClima V4R-10  h€cser€l€, 4 soros;V4R10; 73,90 € ; 29 562 Ft ;
ActionClima V4R-12  h€cser€l€, 4 soros;V4R12; 83,76 € ; 33 503 Ft ;
ActionClima l€bgarnit€ra, FX-FXE;CZPB; 31,53 € ; 12 613 Ft ;
CSA 2-2 kazett€s fan-coil;CSA22; 500,91 € ; 200 366 Ft ;
CSA 3-2 kazett€s fan-coil;CSA32; 504,79 € ; 201 918 Ft ;
CSA 4-2 kazett€s fan-coil;CSA42; 516,86 € ; 206 744 Ft ;
CSA 6-2 kazett€s fan-coil;CSA62; 636,49 € ; 254 598 Ft ;
CSA 7-2 kazett€s fan-coil;CSA72; 651,06 € ; 260 425 Ft ;
CSA 3-4 kazett€s fan-coil;CSA34; 588,66 € ; 235 462 Ft ;
CSA 4-4 kazett€s fan-coil;CSA44; 604,20 € ; 241 681 Ft ;
CSA 6-4 kazett€s fan-coil;CSA64; 717,33 € ; 286 931 Ft ;
CSA 7-4 kazett€s fan-coil;CSA74; 718,43 € ; 287 371 Ft ;
ActionClima FCA 120 kazett€s fan-coil;FCA120; 894,73 € ; 357 892 Ft ;
ActionClima FCA 220 kazett€s fan-coil;FCA220; 906,56 € ; 362 622 Ft ;
ActionClima FCA 530 kazett€s fan-coil;FCA530; 944,00 € ; 377 600 Ft ;
ActionClima FCA 630 kazett€s fan-coil;FCA630; 957,80 € ; 383 118 Ft ;
ActionClima FCA 740 kazett€s fan-coil;FCA740; 996,23 € ; 398 490 Ft ;
ActionClima FCA 840 kazett€s fan-coil;FCA840; 1 010,02 € ; 404 009 Ft ;
ActionClima FCA 1530 kazett€s fan-coil;FCA1530; 1 832,82 € ; 733 128 Ft ;
ActionClima FCA 1630 kazett€s fan-coil;FCA1630; 1 848,59 € ; 739 434 Ft ;
ActionClima FCA 1740 kazett€s fan-coil;FCA1740; 1 941,21 € ; 776 485 Ft ;
ActionClima FCA 1840 kazett€s fan-coil;FCA1840; 1 954,02 € ; 781 609 Ft ;
ActionClima FCA 121 kazett€s fan-coil;FCA121; 987,36 € ; 394 943 Ft ;
ActionClima FCA 221 kazett€s fan-coil;FCA221; 1 001,15 € ; 400 461 Ft ;
ActionClima FCA 521 kazett€s fan-coil;FCA521; 1 012,98 € ; 405 191 Ft ;
ActionClima FCA 621 kazett€s fan-coil;FCA621; 1 021,85 € ; 408 738 Ft ;
ActionClima FCA 731 kazett€s fan-coil;FCA731; 1 049,44 € ; 419 775 Ft ;
ActionClima FCA 831 kazett€s fan-coil;FCA831; 1 062,25 € ; 424 899 Ft ;
ActionClima FCA 1521 kazett€s fan-coil;FCA1521; 1 902,78 € ; 761 113 Ft ;
ActionClima FCA 1621 kazett€s fan-coil;FCA1621; 1 922,49 € ; 768 996 Ft ;
ActionClima FCA 1731 kazett€s fan-coil;FCA1731; 1 982,60 € ; 793 039 Ft ;
ActionClima FCA 1831 kazett€s fan-coil;FCA1831; 1 994,42 € ; 797 769 Ft ;
ActionClima FCAE 220 kazett€s fan-coil, EC motor;FCAE220; 1 021,85 € ; 408 738 Ft ;
ActionClima FCAE 630 kazett€s fan-coil, EC motor;FCAE630; 1 073,09 € ; 429 234 Ft ;
ActionClima FCAE 840 kazett€s fan-coil, EC motor;FCAE840; 1 125,31 € ; 450 125 Ft ;
ActionClima FCAE 1630 kazett€s fan-coil, EC motor;FCAE1630; 2 068,33 € ; 827 331 Ft ;
ActionClima FCAE 1840 kazett€s fan-coil, EC motor;FCAE1840; 2 173,76 € ; 869 505 Ft ;
ActionClima FCAE 621  kazett€s fan-coil, EC motor;FCAE621; 1 137,14 € ; 454 854 Ft ;
ActionClima FCAE 831  kazett€s fan-coil,  EC motor;FCAE831; 1 177,54 € ; 471 015 Ft ;
ActionClima FCAE 1621  kazett€s fan-coil, EC motor;FCAE1621; 2 142,23 € ; 856 892 Ft ;
ActionClima FCAE 1831  kazett€s fan-coil, EC motor;FCAE1831; 2 214,16 € ; 885 665 Ft ;
ActionClima BC63 kieg€sz€t€ cseppt€lca, FCA/FCAE 100-800;BC63; 23,65 € ; 9 460 Ft ;
ActionClima BC64 kieg€sz€t€ cseppt€lca, FCA/FCAE 1500-1800;BC64; 32,52 € ; 13 007 Ft ;
ActionClima TEL62 infra t€vvez€rl€ termoszt€t szett, FCA;TEL62; 269,01 € ; 107 604 Ft ;
CSA DPC kieg€sz€t€ cseppt€lca;DPC; 9,16 € ; 3 665 Ft ;
CSA TW30 vezet€kes fali t€vvez€rl€ termoszt€t;TW30; 65,40 € ; 26 160 Ft ;
CSA TW40 vezet€kes fali t€vvez€rl€ termoszt€t;TW40; 65,40 € ; 26 160 Ft ;
CSA Modbus adatgy€jt€;CSADA; 826,10 € ; 330 438 Ft ;
Szelepk€szlet, 2 cs€ves fan-coil, 1 ut€ nyit-z€r, 230V, FCA/FCAE/CSA;FCW21.230; 83,11 € ; 33 244 Ft ;
Szelepk€szlet, 2 cs€ves fan-coil, 3 ut€+by pass, 230V, FCA/FCAE/CSA;FCW23.230; 93,26 € ; 37 304 Ft ;
Szelepk€szlet, 4 cs€ves fan-coil, 1 ut€ nyit-z€r, 230V, FCA/FCAE/CSA;FCW41.230; 166,22 € ; 66 488 Ft ;
Szelepk€szlet, 4 cs€ves fan-coil, 3 ut€+by pass, 230V, FCA/FCAE/CSA;FCW43.230; 186,52 € ; 74 607 Ft ;
Szelepk€szlet, 2 cs€ves fan-coil, 1 ut€ nyit-z€r, 24V, FCA/FCAE/CSA;FCW21.24; 85,07 € ; 34 029 Ft ;
Szelepk€szlet, 2 cs€ves fan-coil, 3 ut€+by pass, 24V, FCA/FCAE/CSA;FCW23.24; 95,22 € ; 38 088 Ft ;
Szelepk€szlet, 4 cs€ves fan-coil, 1 ut€ nyit-z€r, 24V, FCA/FCAE/CSA;FCW41.24; 170,14 € ; 68 057 Ft ;
Szelepk€szlet, 4 cs€ves fan-coil, 3 ut€+by pass, 24V, FCA/FCAE/CSA;FCW43.24; 190,44 € ; 76 177 Ft ;
"S-FLEX DN 1/2"" 200-410 flexibilis bek€t€cs€";SFLEX12; 11,12 € ; 4 448 Ft ;
"S-FLEX DN 1/2""-3/4"" 200-410 flexibilis bek€t€cs€";SFLEX1234; 16,49 € ; 6 597 Ft ;
"S-FLEX DN 3/4"" 200-410 flexibilis bek€t€cs€";SFLEX34; 16,49 € ; 6 597 Ft ;
ActionClima FW 230F magas oldalfali fan-coil;FW230F; 635,57 € ; 254 230 Ft ;
ActionClima FW 430F magas oldalfali fan-coil;FW430F; 678,93 € ; 271 573 Ft ;
ActionClima FW 1230F magas oldalfali fan-coil;FW1230F; 955,83 € ; 382 330 Ft ;
ActionClima BC57 szerel€ doboz, FW 230-430;BC57; 115,29 € ; 46 116 Ft ;
ActionClima BC58 szerel€ doboz, FW 1230;BC58; 127,11 € ; 50 846 Ft ;
ActionClima TEL54 , t€vvez€rl€ termoszt€t FW;TEL54; 52,23 € ; 20 890 Ft ;
ActionClima PXCR interf€sz, FW;PXCR; 64,05 € ; 25 620 Ft ;
Szelepk€szlet, 2 cs€ves fan-coil, 1 ut€ nyit-z€r, 230V, FW;FWW21.230; 83,11 € ; 33 244 Ft ;
Szelepk€szlet, 2 cs€ves fan-coil, 3 ut€+by pass, 230V, FW;FWW23.230; 93,26 € ; 37 304 Ft ;
Szelepk€szlet, 2 cs€ves fan-coil, 1 ut€ nyit-z€r, 24V, FW;FWW21.24; 85,07 € ; 34 029 Ft ;
Szelepk€szlet, 2 cs€ves fan-coil, 3 ut€+by pass, 24V, FW;FWW23.24; 95,22 € ; 38 088 Ft ;
ActionClima UTY-Z1-130 mennyezeti magasnyom€s€ fan- coil;UTYZ1130; 733,13 € ; 293 251 Ft ;
ActionClima UTY-Z1-140 mennyezeti magasnyom€s€ fan-coil;UTYZ1140; 782,40 € ; 312 959 Ft ;
ActionClima UTY-Z1-230 mennyezeti magasnyom€s€ fan-coil;UTYZ1230; 1 047,47 € ; 418 986 Ft ;
ActionClima UTY-Z1-240 mennyezeti magasnyom€s€ fan-coil;UTYZ1240; 1 116,44 € ; 446 577 Ft ;
ActionClima UTY-Z1-330 mennyezeti magasnyom€s€ fan-coil;UTYZ1330; 1 455,42 € ; 582 166 Ft ;
ActionClima UTY-Z1-340 mennyezeti magasnyom€s€ fan-coil;UTYZ1340; 1 622,93 € ; 649 173 Ft ;
ActionClima UTY-Z21-130 parapet magasnyom€s€ fan-coil;UTYZ21130; 807,03 € ; 322 813 Ft ;
ActionClima UTY-Z21-140 parapet magasnyom€s€ fan-coil;UTYZ21140; 856,30 € ; 342 520 Ft ;
ActionClima UTY-Z21-230 parapet magasnyom€s€ fan-coil;UTYZ21230; 1 137,14 € ; 454 854 Ft ;
ActionClima UTY-Z21-240 parapet magasnyom€s€ fan-coil;UTYZ21240; 1 206,11 € ; 482 445 Ft ;
ActionClima UTY-Z21-330 parapet magasnyom€s€ fan-coil;UTYZ21330; 1 560,85 € ; 624 341 Ft ;
ActionClima UTY-Z21-340 parapet magasnyom€s€ fan-coil;UTYZ21340; 1 729,35 € ; 691 741 Ft ;
ActionClima UTY-Z1-131 mennyezeti magasnyom€s€ fan-coil;UTYZ1131; 882,91 € ; 353 163 Ft ;
ActionClima UTY-Z1-221  mennyezeti magasnyom€s€ fan-coil;UTYZ1221; 1 172,61 € ; 469 044 Ft ;
ActionClima UTY-Z1-231  mennyezeti magasnyom€s€ fan-coil;UTYZ1231; 1 235,67 € ; 494 270 Ft ;
ActionClima UTY-Z1-321  mennyezeti magasnyom€s€ fan-coil;UTYZ1321; 1 562,82 € ; 625 129 Ft ;
ActionClima UTY-Z1-331  mennyezeti magasnyom€s€ fan-coil;UTYZ1331; 1 706,69 € ; 682 676 Ft ;
ActionClima UTY-Z21-131 parapet magasnyom€s€ fan-coil ;UTYZ21131; 955,83 € ; 382 330 Ft ;
ActionClima UTY-Z21-221 parapet magasnyom€s€ fan-coil ;UTYZ21221; 1 263,27 € ; 505 306 Ft ;
ActionClima UTY-Z21-231 parapet magasnyom€s€ fan-coil ;UTYZ21231; 1 325,34 € ; 530 138 Ft ;
ActionClima UTY-Z21-321 parapet magasnyom€s€ fan-coil ;UTYZ21321; 1 669,24 € ; 667 698 Ft ;
ActionClima UTY-Z21-331 parapet magasnyom€s€ fan-coil ;UTYZ21331; 1 811,14 € ; 724 456 Ft ;
ActionClima MBC-O kieg€sz€t€ cseppt€lca, UTY mennyezeti ;MBCO; 23,65 € ; 9 460 Ft ;
ActionClima MBC-V kieg€sz€t€ cseppt€lca, UTY parapet;MBCV; 24,63 € ; 9 854 Ft ;
ActionClima UTA130 F1..36 magasnyom€s€ fan-coil;UTA130F136; 1 066,19 € ; 426 475 Ft ;
ActionClima UTA230 F1..36 magasnyom€s€ fan-coil;UTA230F136; 1 336,18 € ; 534 474 Ft ;
ActionClima UTA330 F1..36 magasnyom€s€ fan-coil;UTA330F136; 1 573,66 € ; 629 465 Ft ;
ActionClima UTA430 F1..36 magasnyom€s€ fan-coil;UTA430F136; 1 772,71 € ; 709 084 Ft ;
ActionClima UTA530 F1..36 magasnyom€s€ fan-coil;UTA530F136; 2 180,66 € ; 872 264 Ft ;
ActionClima UTA630 F1..36 magasnyom€s€ fan-coil;UTA630F136; 2 650,69 € ; 1 060 276 Ft ;
ActionClima UTA1230 F1..36 magasnyom€s€ fan-coil;UTA1230F136; 2 286,10 € ; 914 439 Ft ;
ActionClima UTA1330 F1..36 magasnyom€s€ fan-coil;UTA1330F136; 2 746,27 € ; 1 098 509 Ft ;
ActionClima UTA1430 F1..36 magasnyom€s€ fan-coil;UTA1430F136; 3 126,63 € ; 1 250 653 Ft ;
ActionClima UTA1540 F1..36 magasnyom€s€ fan-coil;UTA1540F136; 4 532,78 € ; 1 813 111 Ft ;
ActionClima UTA1640 F1..36 magasnyom€s€ fan-coil;UTA1640F136; 4 660,88 € ; 1 864 351 Ft ;
ActionClima UTA132 F1..36 magasnyom€s€ fan-coil;UTA132F136; 1 313,52 € ; 525 408 Ft ;
ActionClima UTA232 F1..36 magasnyom€s€ fan-coil;UTA232F136; 1 687,97 € ; 675 187 Ft ;
ActionClima UTA332 F1..36 magasnyom€s€ fan-coil;UTA332F136; 2 023,00 € ; 809 199 Ft ;
ActionClima UTA432 F1..36 magasnyom€s€ fan-coil;UTA432F136; 2 222,05 € ; 888 819 Ft ;
ActionClima UTA532 F1..36 magasnyom€s€ fan-coil;UTA532F136; 2 784,70 € ; 1 113 881 Ft ;
ActionClima UTA632 F1..36 magasnyom€s€ fan-coil;UTA632F136; 3 422,25 € ; 1 368 899 Ft ;
ActionClima UTA1232 F1..36 magasnyom€s€ fan-coil;UTA1232F136; 2 891,12 € ; 1 156 450 Ft ;
ActionClima UTA1332 F1..36 magasnyom€s€ fan-coil;UTA1332F136; 3 516,84 € ; 1 406 738 Ft ;
ActionClima UTA1432 F1..36 magasnyom€s€ fan-coil;UTA1432F136; 3 897,20 € ; 1 558 882 Ft ;
ActionClima UTA1542 F1..36 magasnyom€s€ fan-coil;UTA1542F136; 5 723,13 € ; 2 289 250 Ft ;
ActionClima UTA1642 F1..36 magasnyom€s€ fan-coil;UTA1642F136; 5 851,23 € ; 2 340 490 Ft ;
ActionClima UTH1-OZ4  fan-coil, modul€ris l€gkezel€;UTH1OZ4; 1 946,14 € ; 778 455 Ft ;
ActionClima UTH2-OZ4  fan-coil, modul€ris l€gkezel€;UTH2OZ4; 2 396,46 € ; 958 584 Ft ;
ActionClima UTH3-OZ4  fan-coil, modul€ris l€gkezel€;UTH3OZ4; 2 914,77 € ; 1 165 909 Ft ;
ActionClima UTH4-OZ4  fan-coil, modul€ris l€gkezel€;UTH4OZ4; 3 185,75 € ; 1 274 302 Ft ;
ActionClima UTH6-OZ4  fan-coil, modul€ris l€gkezel€;UTH6OZ4; 3 934,65 € ; 1 573 859 Ft ;
ActionClima UTH10-OZ4  fan-coil, modul€ris l€gkezel€;UTH10OZ4; 5 712,29 € ; 2 284 914 Ft ;
ActionClima UTH1-OZ6 fan-coil, modul€ris l€gkezel€;UTH1OZ6; 1 925,45 € ; 770 178 Ft ;
ActionClima UTH2-OZ6 fan-coil, modul€ris l€gkezel€;UTH2OZ6; 2 273,29 € ; 909 315 Ft ;
ActionClima UTH3-OZ6 fan-coil, modul€ris l€gkezel€;UTH3OZ6; 2 823,13 € ; 1 129 253 Ft ;
ActionClima UTH4-OZ6 fan-coil, modul€ris l€gkezel€;UTH4OZ6; 3 337,50 € ; 1 335 002 Ft ;
ActionClima UTH6-OZ6 fan-coil, modul€ris l€gkezel€ ;UTH6OZ6; 4 135,67 € ; 1 654 267 Ft ;
ActionClima UTH10-OZ6 fan-coil, modul€ris l€gkezel€;UTH10OZ6; 6 304,50 € ; 2 521 801 Ft ;
ActionClima UTH Easy UTH-K2-2500 modul€ris l€gkezel€;UTHK22500; 9 182,82 € ; 3 673 127 Ft ;
ActionClima UTH Easy UTH-K4-4500 modul€ris l€gkezel€;UTHK44500; 13 035,68 € ; 5 214 272 Ft ;
ActionClima UTH Easy UTH-K6-6500 modul€ris l€gkezel€;UTHK66500; 16 022,39 € ; 6 408 954 Ft ;
ActionClima UTH Easy UTH-K8-8500 modul€ris l€gkezel€;UTHK88500; 18 172,50 € ; 7 269 000 Ft ;
ActionClima UTH Easy UTH-K10-10000 modul€ris l€gkezel€;UTHK1010000; 20 775,89 € ; 8 310 356 Ft ;
ActionClima UTH Easy UTH-K12-12000 modul€ris l€gkezel€;UTHK1212000; 26 072,34 € ; 10 428 938 Ft ;
ActionClima UTH Easy UTH-K15-15000 modul€ris l€gkezel€;UTHK1515000; 29 784,30 € ; 11 913 718 Ft ;
ActionClima UTH Easy UTH-K20-20000 modul€ris l€gkezel€;UTHK2020000; 38 324,64 € ; 15 329 856 Ft ;
ActionClima XT-HB 120 termoventil€tor, vizes l€gf€t€vel;XTHB120; 608,97 € ; 243 588 Ft ;
ActionClima XT-HB 230 termoventil€tor, vizes l€gf€t€vel ;XTHB230; 689,77 € ; 275 908 Ft ;
ActionClima XT-HB 320 termoventil€tor, vizes l€gf€t€vel ;XTHB320; 771,56 € ; 308 623 Ft ;
ActionClima XT-HB 430 termoventil€tor, vizes l€gf€t€vel ;XTHB430; 874,04 € ; 349 615 Ft ;
ActionClima XT-HB 520 termoventil€tor, vizes l€gf€t€vel ;XTHB520; 944,00 € ; 377 600 Ft ;
ActionClima XT-HB 630 termoventil€tor, vizes l€gf€t€vel ;XTHB630; 1 105,60 € ; 442 242 Ft ;
ActionClima XT-HB 720 termoventil€tor, vizes l€gf€t€vel ;XTHB720; 1 355,89 € ; 542 357 Ft ;
ActionClima XT-HB 830 termoventil€tor, vizes l€gf€t€vel ;XTHB830; 1 540,16 € ; 616 064 Ft ;
ActionClima XT-HB 920 termoventil€tor, vizes l€gf€t€vel ;XTHB920; 1 608,15 € ; 643 260 Ft ;
ActionClima XT-HB 1030 termoventil€tor, vizes l€gf€t€vel ;XTHB1030; 1 947,12 € ; 778 850 Ft ;
ActionClima XT-HD 120 termoventil€tor, h€t€-f€t€ ;XTHD120; 686,81 € ; 274 726 Ft ;
ActionClima XT-HD 230 termoventil€tor,  h€t€-f€t€ ;XTHD230; 767,62 € ; 307 046 Ft ;
ActionClima XT-HD 320 termoventil€tor,  h€t€-f€t€ ;XTHD320; 866,15 € ; 346 462 Ft ;
ActionClima XT-HD 430 termoventil€tor,  h€t€-f€t€ ;XTHD430; 969,62 € ; 387 848 Ft ;
ActionClima XT-HD 520 termoventil€tor,  h€t€-f€t€ ;XTHD520; 1 054,36 € ; 421 745 Ft ;
ActionClima XT-HD 630 termoventil€tor,  h€t€-f€t€;XTHD630; 1 215,97 € ; 486 387 Ft ;
ActionClima XT-HD 720 termoventil€tor,  h€t€-f€t€ ;XTHD720; 1 500,74 € ; 600 298 Ft ;
ActionClima XT-HD 830 termoventil€tor,  h€t€-f€t€ ;XTHD830; 1 684,03 € ; 673 610 Ft ;
ActionClima XT-HD 920 termoventil€tor,  h€t€-f€t€ ;XTHD920; 1 778,62 € ; 711 449 Ft ;
ActionClima XT-HD 1030 termoventil€tor, h€t€-f€t€ ;XTHD1030; 2 117,60 € ; 847 038 Ft ;
ActionClima XT-HA 120 termoventil€tor,  g€z€s l€gf€t€vel ;XTHA120; 1 266,35 € ; 506 540 Ft ;
ActionClima XT-HA 230 termoventil€tor, g€z€s l€gf€t€vel ;XTHA230; 1 353,74 € ; 541 497 Ft ;
ActionClima XT-HA 320 termoventil€tor, g€z€s l€gf€t€vel ;XTHA320; 1 441,14 € ; 576 455 Ft ;
ActionClima XT-HA 430 termoventil€tor, g€z€s l€gf€t€vel ;XTHA430; 1 551,19 € ; 620 478 Ft ;
ActionClima XT-HA 520 termoventil€tor, g€z€s l€gf€t€vel ;XTHA520; 1 601,14 € ; 640 457 Ft ;
ActionClima XT-HA 630 termoventil€tor, g€z€s l€gf€t€vel ;XTHA630; 1 768,33 € ; 707 332 Ft ;
ActionClima XT-HA 720 termoventil€tor, g€z€s l€gf€t€vel ;XTHA720; 2 011,44 € ; 804 576 Ft ;
ActionClima XT-HA 830 termoventil€tor, g€z€s l€gf€t€vel ;XTHA830; 2 203,26 € ; 881 304 Ft ;
ActionClima XT-HA 920 termoventil€tor, g€z€s l€gf€t€vel ;XTHA920; 2 277,84 € ; 911 138 Ft ;
ActionClima XT-HA 1030 termoventil€tor, g€z€s l€gf€t€vel ;XTHA1030; 2 623,41 € ; 1 049 364 Ft ;
ActionClima XT-HFT 3/400 termoventil€tor, villamos l€gf€t€vel;XTHFT3400; 719,33 € ; 287 733 Ft ;
ActionClima XT-HFT 4,5/400 termoventil€tor, villamos l€gf€t€vel;XTHFT4,5400; 719,33 € ; 287 733 Ft ;
ActionClima XT-HFT 6/400 termoventil€tor, villamos l€gf€t€vel;XTHFT6400; 962,72 € ; 385 089 Ft ;
ActionClima XT-HFT 7,5/400 termoventil€tor, villamos l€gf€t€vel;XTHFT7,5400; 962,72 € ; 385 089 Ft ;
ActionClima XT-HFT 9/400 termoventil€tor, villamos l€gf€t€vel;XTHFT9400; 962,72 € ; 385 089 Ft ;
ActionClima XT-HFT 10,5/400 termoventil€tor, villamos l€gf€t€vel;XTHFT10,5400; 1 206,11 € ; 482 445 Ft ;
ActionClima XT-HFT 12/400 termoventil€tor, villamos l€gf€t€vel;XTHFT12400; 1 206,11 € ; 482 445 Ft ;
ActionClima XT-HFT 13,5/400 termoventil€tor, villamos l€gf€t€vel;XTHFT13,5400; 1 206,11 € ; 482 445 Ft ;
ActionClima XT-HFT 15/400 termoventil€tor, villamos l€gf€t€vel;XTHFT15400; 1 506,66 € ; 602 662 Ft ;
ActionClima XT-HFT 16,5/400 termoventil€tor, villamos l€gf€t€vel;XTHFT16,5400; 1 506,66 € ; 602 662 Ft ;
ActionClima XT-HFT 18/400 termoventil€tor, villamos l€gf€t€vel;XTHFT18400; 1 506,66 € ; 602 662 Ft ;
ActionClima XT-HFT 21/400 termoventil€tor, villamos l€gf€t€vel;XTHFT21400; 1 739,21 € ; 695 683 Ft ;
ActionClima XT fali/mennyezeti tart€, 1-200 ;B1; 43,61 € ; 17 446 Ft ;
ActionClima XT  fali/mennyezeti tart€, 3-400, 7-800 ;B2; 47,04 € ; 18 814 Ft ;
ActionClima XT fali/mennyezeti tart€, 5-600, 900-1000;B3; 50,92 € ; 20 370 Ft ;
Sonniger Heater CR One termoventil€tor;CRONE; 409,85 € ; 163 941 Ft ;
Sonniger Heater CR1 termoventil€tor;CR1; 490,31 € ; 196 126 Ft ;
Sonniger Heater CR2 termoventil€tor;CR2; 553,17 € ; 221 270 Ft ;
Sonniger Heater CR3 termoventil€tor;CR3; 648,72 € ; 259 489 Ft ;
Sonniger Heater CR One EC termoventil€tor;CRONEEC; 510,43 € ; 204 172 Ft ;
Sonniger Heater CR1 EC termoventil€tor;CR1EC; 628,61 € ; 251 443 Ft ;
Sonniger Heater CR2 EC termoventil€tor;CR2EC; 691,47 € ; 276 587 Ft ;
Sonniger Heater CR3 EC termoventil€tor;CR3EC; 787,02 € ; 314 807 Ft ;
Sonniger Heater CR2 MAX termoventil€tor;CR2MAX; 691,47 € ; 276 587 Ft ;
Sonniger Heater CR3 MAX termoventil€tor;CR3MAX; 787,02 € ; 314 807 Ft ;
Sonniger Heater CR4 MAX termoventil€tor;CR4MAX; 885,08 € ; 354 032 Ft ;
Sonniger Heater CR2 MAX EC termoventil€tor;CR2MAXEC; 842,33 € ; 336 934 Ft ;
Sonniger Heater CR3 MAX EC termoventil€tor;CR3MAXEC; 937,88 € ; 375 153 Ft ;
Sonniger Heater CR4 MAX EC termoventil€tor;CR4MAXEC; 1 035,95 € ; 414 378 Ft ;
Sonniger Heater MIX1 l€gr€tegz€d€s g€tl€ ventil€tor;MIX1; 442,54 € ; 177 016 Ft ;
Sonniger Heater MIX2 l€gr€tegz€d€s g€tl€ ventil€tor;MIX2; 512,94 € ; 205 178 Ft ;
Sonniger Heater MIX2 EC l€gr€tegz€d€s g€tl€ ventil€tor;MIX1EC; 580,83 € ; 232 333 Ft ;
Sonniger Heater MIX1 EC l€gr€tegz€d€s g€tl€ ventil€tor;MIX2EC; 663,81 € ; 265 524 Ft ;
Sonniger GUARD ONE 100C l€gf€gg€ny;ONE100C; 424,94 € ; 169 976 Ft ;
Sonniger GUARD ONE 100E l€gf€gg€ny;ONE100E; 543,12 € ; 217 247 Ft ;
Sonniger GUARD 100C l€gf€gg€ny, f€t€s n€lk€l;100C; 585,86 € ; 234 345 Ft ;
Sonniger GUARD 150C l€gf€gg€ny, f€t€s n€lk€l;150C; 688,95 € ; 275 582 Ft ;
Sonniger GUARD 200C l€gf€gg€ny, f€t€s n€lk€l;200C; 769,42 € ; 307 766 Ft ;
Sonniger GUARD 100W l€gf€gg€ny, vizes l€gf€t€vel;100W; 726,67 € ; 290 668 Ft ;
Sonniger GUARD 150W l€gf€gg€ny, vizes l€gf€t€vel;150W; 859,94 € ; 343 974 Ft ;
Sonniger GUARD 200W l€gf€gg€ny, vizes l€gf€t€vel;200W; 968,06 € ; 387 222 Ft ;
Sonniger GUARD 100E l€gf€gg€ny, villamos l€gf€t€vel;100E; 776,96 € ; 310 784 Ft ;
Sonniger GUARD 150E l€gf€gg€ny, villamos l€gf€t€vel;150E; 958,00 € ; 383 199 Ft ;
Sonniger GUARD 200E l€gf€gg€ny, villamos l€gf€t€vel;200E; 1 144,07 € ; 457 626 Ft ;
Sonniger Guard f€gg€leges tart€ ;GUARDVHOLD; 22,63 € ; 9 052 Ft ;
Sonniger Guard v€zszintes tart€;GUARDHHOLD; 22,63 € ; 9 052 Ft ;
Sonniger Guard DS ajt€nyit€s kapcsol€;GUARDDS; 57,83 € ; 23 133 Ft ;
Sonniger GUARD PRO 150C l€gf€gg€ny, f€t€s n€lk€l;PRO150C; 1 073,66 € ; 429 465 Ft ;
Sonniger GUARD PRO 200C l€gf€gg€ny, f€t€s n€lk€l;PRO200C; 1 340,19 € ; 536 077 Ft ;
Sonniger GUARD PRO 150W l€gf€gg€ny, vizes l€gf€t€vel;PRO150W; 1 440,77 € ; 576 308 Ft ;
Sonniger GUARD PRO 200W l€gf€gg€ny, vizes l€gf€t€vel;PRO200W; 1 790,27 € ; 716 110 Ft ;
Sonniger GUARD PRO 150E l€gf€gg€ny, villamos l€gf€t€vel;PRO150E; 1 787,76 € ; 715 104 Ft ;
Sonniger GUARD PRO 200E l€gf€gg€ny, villamos l€gf€t€vel;PRO200E; 2 283,10 € ; 913 241 Ft ;
Sonniger GUARD PRO 150C EC l€gf€gg€ny;PRO150CEC; 1 299,96 € ; 519 984 Ft ;
Sonniger GUARD PRO 200C EC l€gf€gg€ny;PRO200CEC; 1 679,64 € ; 671 856 Ft ;
Sonniger GUARD PRO 150W EC l€gf€gg€ny, vizes l€gf€t€vel;PRO150WEC; 1 667,07 € ; 666 827 Ft ;
Sonniger GUARD PRO 200W EC l€gf€gg€ny, vizes l€gf€t€vel;PRO200WEC; 2 129,72 € ; 851 889 Ft ;
Sonniger GUARD PRO 150E EC l€gf€gg€ny, villamos l€gf€t€vel;PRO150EEC; 2 014,06 € ; 805 624 Ft ;
Sonniger GUARD PRO 200E EC l€gf€gg€ny, villamos l€gf€t€vel;PRO200EEC; 2 622,55 € ; 1 049 021 Ft ;
Sonniger GUARD PRO univerz€lis tart€ ;PROUNI; 10,06 € ; 4 023 Ft ;
Sonniger Guard Pro DS ajt€nyit€s kapcsol€;GUARDPRODS; 75,43 € ; 30 173 Ft ;
Sonniger TR-110L termoszt€t;TR110L; 40,23 € ; 16 092 Ft ;
2VV FINESSE 100-E €lmennyezeti l€gf€gg€ny, villamos l€gf€t€vel;VCF100E; 1 738,89 € ; 695 558 Ft ;
2VV FINESSE 100-S €lmennyezeti l€gf€gg€ny;VCF100S; 1 410,00 € ; 564 002 Ft ;
2VV FINESSE 100-V €lmennyezeti l€gf€gg€ny, vizes l€gf€t€vel;VCF100V; 1 780,83 € ; 712 332 Ft ;
2VV FINESSE 150-E €lmennyezeti l€gf€gg€ny, villamos l€gf€t€vel;VCF150E; 2 226,63 € ; 890 653 Ft ;
2VV FINESSE 150-S €lmennyezeti l€gf€gg€ny;VCF150S; 1 811,70 € ; 724 679 Ft ;
2VV FINESSE 150-V €lmennyezeti l€gf€gg€ny, vizes l€gf€t€vel;VCF150V; 2 246,72 € ; 898 688 Ft ;
2VV FINESSE 200-E €lmennyezeti l€gf€gg€ny, villamos l€gf€t€vel;VCF200E; 2 717,42 € ; 1 086 968 Ft ;
2VV FINESSE 200-S €lmennyezeti l€gf€gg€ny;VCF200S; 2 232,22 € ; 892 889 Ft ;
2VV FINESSE 200-V €lmennyezeti l€gf€gg€ny, vizes l€gf€t€vel;VCF200V; 2 815,64 € ; 1 126 255 Ft ;
2VV FINESSE 250-E €lmennyezeti l€gf€gg€ny, villamos l€gf€t€vel;VCF250E; 3 339,45 € ; 1 335 782 Ft ;
2VV FINESSE 250-S €lmennyezeti l€gf€gg€ny;VCF250S; 2 757,29 € ; 1 102 918 Ft ;
2VV FINESSE 250-V €lmennyezeti l€gf€gg€ny, vizes l€gf€t€vel;VCF250V; 3 483,07 € ; 1 393 227 Ft ;
2VV FINESSE fali tart€;VCS4STE; 120,84 € ; 48 337 Ft ;
2VV FINESSE mennyezeti tart€;VCS4STR; 61,88 € ; 24 752 Ft ;
2VV DS ajt€nyit€s kapcsol€;DS; 78,18 € ; 31 272 Ft ;
2VV DK-B-3 ajt€nyit€s kapcsol€;DKB3; 34,87 € ; 13 948 Ft ;
2VV Comfort Master vez€rl€ €s kezel€, villamos f€t€s€ l€gf€gg€nyh€z;VCSMEAC; 730,10 € ; 292 039 Ft ;
2VV Comfort Master vez€rl€ €s kezel€, f€t€s n€lk€li l€gf€gg€nyh€z;VCSMSAC; 632,75 € ; 253 101 Ft ;
2VV Comfort Master vez€rl€ €s kezel€, vizes f€t€s€ l€gf€gg€nyh€z;VSCMVAC; 632,75 € ; 253 101 Ft ;
2VV Comfort Slave vez€rl€, villamos f€t€s€ l€gf€gg€nyh€z;VCSSEAC; 382,90 € ; 153 158 Ft ;
2VV Comfort Slave vez€rl€, f€t€s n€lk€li l€gf€gg€nyh€z;VCSSAAC; 292,04 € ; 116 816 Ft ;
2VV Comfort Slave vez€rl€, vizes f€t€s€ l€gf€gg€nyh€z;VSCSWAC; 292,04 € ; 116 816 Ft ;
"1 ut€ nyit-z€r szelep 3/4"", kvs 2,8";WL31; 20,90 € ; 8 358 Ft ;
"1 ut€ nyit-z€r szelep 1/2"", kvs 1,7";WL11; 19,50 € ; 7 801 Ft ;
"3 ut€+by pass szelep 3/4"", kvs 2,8";WL32; 31,05 € ; 12 418 Ft ;
"3 ut€+by pass szelep 1/2"", kvs 1,7";WL12; 26,53 € ; 10 610 Ft ;
"3 ut€+by pass szelep 3/4"", kvs 4";WL42; 64,45 € ; 25 781 Ft ;
"1 ut€ nyit-z€r szelep 1"", kvs 4,5";WL14; 54,16 € ; 21 664 Ft ;
"3 j€rat€ szelep 1"", kvs 4,5";WL34; 44,58 € ; 17 831 Ft ;
"3 j€rat€ szelep 3/4"" kvs 2,8";WL33; 23,60 € ; 9 439 Ft ;
1 ut€ nyom€sf€ggetlen €lland€ t€meg€ram€ szelep WLB15;WLB15; 123,72 € ; 49 489 Ft ;
1 ut€ nyom€sf€ggetlen €lland€ t€meg€ram€ szelep WLB20;WLB20; 136,40 € ; 54 561 Ft ;
1 ut€ nyom€sf€ggetlen €lland€ t€meg€ram€ szelep WLB25;WLB25; 324,59 € ; 129 835 Ft ;
Szelepmozgat€ hajt€m€ 230 V;MCX230; 29,23 € ; 11 691 Ft ;
Szelepmozgat€ hajt€m€ 24V;MCX24; 31,19 € ; 12 475 Ft ;
Szelepmozgat€ hajt€m€ 0-10V;MCX10; 219,03 € ; 87 611 Ft ;
CRF04 fan-coil termoszt€t;CRF04; 37,65 € ; 15 058 Ft ;
CRF05€ fan-coil termoszt€t;CRF05; 49,16 € ; 19 666 Ft ;
CRF06 fan-coil termoszt€t;CRF06; 71,64 € ; 28 656 Ft ;
CRF07 fan-coil termoszt€t ;CRF07; 99,73 € ; 39 893 Ft ;
CRF83€EC fan-coil termoszt€t ;CRF83; 77,54 € ; 31 016 Ft ;
CRF85 EC fan-coil termoszt€t ;CRF85; 104,23 € ; 41 691 Ft ;
CRF07M MODBUS fan-coil termoszt€t ;CRF07M; 188,99 € ; 75 595 Ft ;
CRF85M MODBUS EC fan-coil termoszt€t;CRF85M; 188,99 € ; 75 595 Ft ;
CRF10 Wi-Fi fan-coil termoszt€t;CRF10; 185,89 € ; 74 357 Ft ;
ActionClima CB3 13 fan-coil termoszt€t ;CB3A0013; 79,82 € ; 31 927 Ft ;
ActionClima CB3 07 fan-coil termoszt€t ;CB3A007; 79,82 € ; 31 927 Ft ;
ActionClima CBE22 fan-coil termoszt€t ;CBE22; 74,89 € ; 29 956 Ft ;
ActionClima CBE23 fan-coil termoszt€t ;CBE23; 110,36 € ; 44 145 Ft ;
ActionClima CBE25 fan-coil termoszt€t ;CBE25; 175,40 € ; 70 160 Ft ;
ActionClima CBE26 EC fan-coil termoszt€t ;CBE26; 164,56 € ; 65 824 Ft ;
ActionClima CBE27 EC fan-coil termoszt€t ;CBE27; 104,45 € ; 41 780 Ft ;
ActionClima TEL11 fan-coil infra termoszt€t ;TEL11; 202,99 € ; 81 196 Ft ;
CRNTC NTC h€m€rs€klet €rz€kel€;CRNTC; 13,77 € ; 5 506 Ft ;
CRPNTC NTC burkolatos h€m€rs€klet €rz€kel€;CRPNTC; 13,49 € ; 5 394 Ft ;
ActionClima TM-32 minimum h€m€rs€klet termoszt€t;TM32; 31,53 € ; 12 613 Ft ;
INF04 fan-coil csoport vez€rl€ ;INF04; 107,04 € ; 42 815 Ft ;
INF48 fan-coil csoport vez€rl€ ;INF48; 139,35 € ; 55 738 Ft ;
CRH04 mechanikus higroszt€t  helyis€g/l€gcsatorna;CRH04; 218,82 € ; 87 530 Ft ;
CRH05 fali mechanikus higroszt€t;CRH05; 96,56 € ; 38 624 Ft ;
CRH10 elektronikus higro-termoszt€t;CRH10; 170,25 € ; 68 100 Ft ;
Pego EasySteam ES 3 M MINI elektr€d€s l€gnedves€t€;ES3MMINI; 1 381,38 € ; 552 552 Ft ;
Pego EasySteam ES 6 MINI elektr€d€s l€gnedves€t€;ES6MINI; 1 373,11 € ; 549 242 Ft ;
Pego EasySteam ES 3 M elektr€d€s l€gnedves€t€;ES3MN; 1 667,15 € ; 666 859 Ft ;
Pego EasySteam ES 6 M elektr€d€s l€gnedves€t€;ES6MN; 1 777,32 € ; 710 927 Ft ;
Pego EasySteam ES 6 N elektr€d€s l€gnedves€t€;ES6N; 1 667,15 € ; 666 859 Ft ;
Pego EasySteam ES 12 elektr€d€s l€gnedves€t€;ES12N; 1 907,38 € ; 762 951 Ft ;
Pego EasySteam ES 24 elektr€d€s l€gnedves€t€;ES24N; 2 532,31 € ; 1 012 926 Ft ;
Pego EasySteam ES 48 elektr€d€s l€gnedves€t€;ES488N; 3 489,60 € ; 1 395 840 Ft ;
Pego EasySteam ES 100 elektr€d€s l€gnedves€t€;ES100N; 5 963,93 € ; 2 385 574 Ft ;
Pego EasySteam ES 3 M OEM elektr€d€s l€gnedves€t€;ES3MOEMN; 1 056,65 € ; 422 660 Ft ;
Pego EasySteam ES 6 M OEM elektr€d€s l€gnedves€t€;ES6MOEMN; 1 222,81 € ; 489 122 Ft ;
Pego EasySteam ES 6 OEM elektr€d€s l€gnedves€t€;ES6OEMN; 1 110,83 € ; 444 332 Ft ;
Pego EasySteam ES 12 OEM elektr€d€s l€gnedves€t€;ES12OEMN; 1 407,06 € ; 562 823 Ft ;
Pego EasySteam ES 24 OEM elektr€d€s l€gnedves€t€;ES24OEMN; 1 851,36 € ; 740 546 Ft ;
Pego EasySteam ES 3 M OEMCCU elektr€d€s l€gnedves€t€;ES3MOEMCCU; 777,54 € ; 311 015 Ft ;
Pego EasySteam ES 6 OEMCCU elektr€d€s l€gnedves€t€;ES6OEMCCU; 769,28 € ; 307 710 Ft ;
Pego EasySteam ES 3 M MINI KIT D elektr€d€s l€gnedves€t€ kit;ES3MMINIKITD; 2 097,98 € ; 839 194 Ft ;
Pego EasySteam ES 6 MINI KIT D elektr€d€s l€gnedves€t€ kit;ES6MINIKITD; 2 089,71 € ; 835 884 Ft ;
Pego EasySteam ES 3 M KIT D elektr€d€s l€gnedves€t€ kit;ES3MKITD; 2 727,13 € ; 1 090 852 Ft ;
Pego EasySteam ES 6 M KIT D elektr€d€s l€gnedves€t€ kit;ES6MKITD; 2 837,30 € ; 1 134 920 Ft ;
Pego EasySteam ES 6 KIT D elektr€d€s l€gnedves€t€ kit;ES6NKITD; 2 727,13 € ; 1 090 852 Ft ;
Pego EasySteam ES 12 KIT D elektr€d€s l€gnedves€t€ kit;ES12KITD; 2 967,36 € ; 1 186 944 Ft ;
Pego EasySteam ES 24 KIT D elektr€d€s l€gnedves€t€ kit;ES24KITD; 3 592,30 € ; 1 436 919 Ft ;
Pego EasySteam ES 3 M MINI KIT DS elektr€d€s l€gnedves€t€ kit;ES3MMINIKITDS; 2 503,96 € ; 1 001 583 Ft ;
Pego EasySteam ES 6 MINI KIT DS elektr€d€s l€gnedves€t€ kit;ES6MINIKITDS; 2 495,68 € ; 998 273 Ft ;
Pego EasySteam ES 3 M KIT DS elektr€d€s l€gnedves€t€ kit;ES3MKITDS; 3 230,61 € ; 1 292 244 Ft ;
Pego EasySteam ES 6 M KIT DS elektr€d€s l€gnedves€t€ kit;ES6MKITDS; 3 340,78 € ; 1 336 313 Ft ;
Pego EasySteam ES 6 KIT DS elektr€d€s l€gnedves€t€ kit;ES6KITDS; 3 230,61 € ; 1 292 244 Ft ;
Pego EasySteam ES 12 KIT DS elektr€d€s l€gnedves€t€ kit;ES12KITDS; 3 470,84 € ; 1 388 337 Ft ;
Pego EasySteam ES 24 KIT DS elektr€d€s l€gnedves€t€ kit;ES24KITDS; 4 110,40 € ; 1 644 160 Ft ;
Pego EasySteam ES 3 MINI KIT AC elektr€d€s l€gnedves€t€ kit;ES3MINIKITAC; 2 077,00 € ; 830 801 Ft ;
Pego EasySteam ES 3 M KIT AC elektr€d€s l€gnedves€t€ kit;ES3MKITAC; 2 452,11 € ; 980 843 Ft ;
Pego EasySteam ES 6 MINI KIT AC elektr€d€s l€gnedves€t€ kit;ES6MINIKITAC; 2 068,73 € ; 827 491 Ft ;
Pego EasySteam ES 6 KIT AC  elektr€d€s l€gnedves€t€ kit;ES6KITAC; 2 452,11 € ; 980 843 Ft ;
Pego EasySteam ES 3 M MINI W elektr€d€s wellness g€zgener€tor;ES3MMINIW; 1 650,70 € ; 660 281 Ft ;
Pego EasySteam ES 6 MINI W elektr€d€s wellness g€zgener€tor;ES6MINIW; 1 642,43 € ; 656 971 Ft ;
Pego EasySteam ES 3 M W elektr€d€s wellness g€zgener€tor;ES3MW; 2 025,81 € ; 810 323 Ft ;
Pego EasySteam ES 6 M W elektr€d€s wellness g€zgener€tor;ES6MW; 2 135,98 € ; 854 392 Ft ;
Pego EasySteam ES 6 W elektr€d€s wellness g€zgener€tor;ES6W; 2 025,81 € ; 810 323 Ft ;
Pego EasySteam ES 12 W elektr€d€s wellness g€zgener€tor;ES12W; 2 266,04 € ; 906 416 Ft ;
Pego EasySteam ES 24 W elektr€d€s wellness g€zgener€tor;ES24W; 2 890,98 € ; 1 156 390 Ft ;
Pego EasySteam ES 48 W elektr€d€s wellness g€zgener€tor;ES488W; 3 848,26 € ; 1 539 304 Ft ;
Pego €lelmiszeripari min€s€g€ g€zt€ml€ dn 25;UMITUBVAP25; 45,16 € ; 18 063 Ft ;
Pego €lelmiszeripari min€s€g€ g€zt€ml€ dn 40;UMITUBVAP40; 77,66 € ; 31 064 Ft ;
Pego v€zelvezet€ idom;IDOM3240; 12,92 € ; 5 168 Ft ;
Pego h€l€zati v€z bek€t€cs€;UMITUBIN; 6,79 € ; 2 718 Ft ;
Pego UT1 l€gcsatorna p€ratartalom €rz€kel€, 4-20mA;UT1; 211,85 € ; 84 739 Ft ;
Pego UT2 helyis€g p€ratartalom €rz€kel€, 4-20mA;UT2; 219,42 € ; 87 766 Ft ;
Pego nyom€skapcsol€;PS; 44,28 € ; 17 712 Ft ;
Pego g€zbef€v€ ventil€tor, ES MINI 3-6;UMFAN80; 477,47 € ; 190 990 Ft ;
Pego g€zbef€v€ ventil€tor, ES 3- 6;UMFAN100; 731,51 € ; 292 605 Ft ;
Pego g€zbef€v€ ventil€tor, ES12-24;UMFAN150; 731,51 € ; 292 605 Ft ;
Pego fali ventil€tor tart€, FAN ES MINI ventil€tor;SRTVMINI; 120,46 € ; 48 184 Ft ;
Pego fali ventil€tor tart€, FAN ES ventil€tor;UMISRTV; 252,57 € ; 101 026 Ft ;
Pego vez€rl€ k€bel. MASTER/NANO;CAB10; 17,56 € ; 7 023 Ft ;
Pego kondenzv€z elvezet€ cs€ dn 10;UMITUBODN10; 5,98 € ; 2 392 Ft ;
Pego Colddrain €rit€v€z visszah€t€;COLDDRAIN; 89,34 € ; 35 736 Ft ;
Pego g€zeloszt€ cs€ dn 25x200 mm AISI304;UMILAN25X200; 158,48 € ; 63 394 Ft ;
Pego g€zeloszt€ cs€ dn 25x250 mm AISI304;UMILAN25X250; 161,71 € ; 64 683 Ft ;
Pego g€zeloszt€ cs€ dn 25x350 mm AISI304;UMILAN25X350; 165,59 € ; 66 236 Ft ;
Pego g€zeloszt€ cs€ dn 25x500 mm AISI304;UMILAN25X500; 176,23 € ; 70 491 Ft ;
Pego g€zeloszt€ cs€ dn 25x650 mm AISI304;UMILAN25X650; 185,58 € ; 74 234 Ft ;
Pego g€zeloszt€ cs€ dn 25x800 mm AISI304;UMILAN25X800; 195,52 € ; 78 209 Ft ;
Pego g€zeloszt€ cs€ dn 25x1000 mm AISI304;UMILAN25X1000; 208,65 € ; 83 459 Ft ;
Pego g€zeloszt€ cs€ dn 25x1050 mm AISI304;UMILAN25X1050; 214,55 € ; 85 819 Ft ;
Pego g€zeloszt€ cs€ dn 25x1100 mm AISI304;UMILAN25X1100; 220,45 € ; 88 180 Ft ;
Pego g€zeloszt€ cs€ dn 40x200 mm AISI304;UMILAN40X200; 166,37 € ; 66 546 Ft ;
Pego g€zeloszt€ cs€ dn 40x250 mm AISI304;UMILAN40X250; 171,34 € ; 68 534 Ft ;
Pego g€zeloszt€ cs€ dn 40x350 mm AISI304;UMILAN40X350; 181,62 € ; 72 650 Ft ;
Pego g€zeloszt€ cs€ dn 40x500 mm AISI304;UMILAN40X500; 195,99 € ; 78 396 Ft ;
Pego g€zeloszt€ cs€ dn 40x650 mm AISI304;UMILAN40X650; 210,98 € ; 84 390 Ft ;
Pego g€zeloszt€ cs€ dn 40x800 mm AISI304;UMILAN40X800; 238,00 € ; 95 199 Ft ;
Pego g€zeloszt€ cs€ dn 40x1000 mm AISI304;UMILAN40X1000; 261,64 € ; 104 657 Ft ;
Pego g€zeloszt€ cs€ dn 40x1500 mm AISI304;UMILAN40X1500; 330,56 € ; 132 223 Ft ;
Pego g€zeloszt€ cs€ dn 40x2000 mm AISI304;UMILAN40X2000; 396,37 € ; 158 546 Ft ;
Pego g€zeloszt€ cs€ dn 40x3000 mm AISI304;UMILAN40X3000; 404,60 € ; 161 839 Ft ;
Pego g€zeloszt€ cs€ dn 40x3500 mm AISI304;UMILAN40X3500; 445,67 € ; 178 270 Ft ;
Pego g€zeloszt€ fej dn 25;LANSAUNA25SC; 54,53 € ; 21 811 Ft ;
Pego g€zeloszt€ fej dn 40;LANSAUNA40SC; 54,54 € ; 21 815 Ft ;
Pego perisztatikus illat adagol€;APQUM; 216,79 € ; 86 718 Ft ;
Pego NTC h€m€rs€klet €rz€kel€;NTC; 9,42 € ; 3 769 Ft ;
Elsteam MISTRAL ultrahangos l€gnedves€t€;EHUC001M2; 924,26 € ; 369 702 Ft ;
Elsteam MISTRAL fali vez€rl€;EV3K61XLESRB; 69,49 € ; 27 797 Ft ;
Elsteam MISTRAL fali tart€;EHUK008; 86,87 € ; 34 746 Ft ;
Elsteam MISTRAL p€ratartalom €rz€kel€;EVHTP520; 69,49 € ; 27 797 Ft ;
Elsteam ZEPHYR 3M elektr€d€s l€gnedves€t€;EHKT003M2; 1 584,44 € ; 633 776 Ft ;
Elsteam ZEPHYR 5M elektr€d€s l€gnedves€t€;EHKT005M2; 1 681,73 € ; 672 692 Ft ;
Elsteam ZEPHYR 3T elektr€d€s l€gnedves€t€;EHKT003T4; 1 598,34 € ; 639 335 Ft ;
Elsteam ZEPHYR 5T elektr€d€s l€gnedves€t€;EHKT005T4; 1 695,63 € ; 678 251 Ft ;
Elsteam ZEPHYR 10T elektr€d€s l€gnedves€t€;EHKT010T4; 1 806,82 € ; 722 727 Ft ;
Elsteam ZEPHYR 15T elektr€d€s l€gnedves€t€;EHKT015T4; 1 876,31 € ; 750 524 Ft ;
Elsteam ZEPHYR 20T elektr€d€s l€gnedves€t€;EHKT020T4; 2 328,01 € ; 931 205 Ft ;
Elsteam ZEPHYR 30T elektr€d€s l€gnedves€t€;EHKT030T4; 2 571,24 € ; 1 028 495 Ft ;
Elsteam ZEPHYR 40T elektr€d€s l€gnedves€t€;EHKT040T4; 2 849,21 € ; 1 139 684 Ft ;
Elsteam ZEPHYR 60T elektr€d€s l€gnedves€t€;EHKT060T4; 4 586,53 € ; 1 834 614 Ft ;
Elsteam ZEPHYR 80T elektr€d€s l€gnedves€t€;EHKX080T4; 5 211,97 € ; 2 084 788 Ft ;
Elsteam ZEPHYR 100T elektr€d€s l€gnedves€t€;EHKX100T4; 5 559,44 € ; 2 223 774 Ft ;
Elsteam g€zeloszt€ cs€ 38x400mm AIS304;EHSD040T; 103,89 € ; 41 557 Ft ;
Elsteam g€zeloszt€ cs€ 38x600mm AIS304;EHSD060T; 112,58 € ; 45 031 Ft ;
Elsteam g€zeloszt€ cs€ 38x800mm AIS304;EHSD080T; 130,65 € ; 52 259 Ft ;
Elsteam g€zeloszt€ cs€ 38x1000mm AIS304;EHSD100T; 150,10 € ; 60 042 Ft ;
Elsteam g€zeloszt€ cs€ 38x1300mm AIS304;EHSD130T; 187,63 € ; 75 052 Ft ;
Elsteam g€zeloszt€ cs€ 38x1600mm AIS304;EHSD160T; 214,04 € ; 85 615 Ft ;
Elsteam g€zeloszt€ cs€ 38x2000mm AIS304;EHSD200T; 250,17 € ; 100 070 Ft ;
Elsteam g€zbef€v€ ventil€tor ZEPHYR modellekhez;EHRS015M2; 809,25 € ; 323 698 Ft ;
Elsteam g€zbef€v€ ventil€tor tart€ ZEPHYR modellekhez;EHSR0REM; 134,12 € ; 53 649 Ft ;
Elsteam g€zbef€v€ ventil€tor eloszt€ (2 db ventil€torhoz);EHSDY038; 215,43 € ; 86 171 Ft ;
Elsteam g€zcs€ DN38;EHTV038; 82,00 € ; 32 801 Ft ;
Elsteam kondenzv€z elvezet€ cs€ dn 10;EHTC010; 13,90 € ; 5 559 Ft ;
Elsteam €r€tett v€z tart€ly ZEPHYR €s VEH modellekhez;EHVI; 751,22 € ; 300 487 Ft ;
Elsteam UT1 l€gcsatorna p€ratartalom €rz€kel€, 4-20mA;EUT1; 206,74 € ; 82 695 Ft ;
Elsteam UT2 helyis€g p€ratartalom €rz€kel€, 4-20mA;EUT2; 214,11 € ; 85 643 Ft ;
Elsteam VEH 10T-XS l€gkezel€be €p€thet€ l€gnedves€t€;EHKD010T4XS; 2 772,77 € ; 1 109 107 Ft ;
Elsteam VEH 20T-S l€gkezel€be €p€thet€ l€gnedves€t€;EHKD020T4S; 2 897,86 € ; 1 159 142 Ft ;
Elsteam VEH 20T-XS l€gkezel€be €p€thet€ l€gnedves€t€;EHKD020T4XS; 3 025,72 € ; 1 210 289 Ft ;
Elsteam VEH 30T-M l€gkezel€be €p€thet€ l€gnedves€t€;EHKD030T4M; 3 175,83 € ; 1 270 331 Ft ;
Elsteam VEH 30T-S l€gkezel€be €p€thet€ l€gnedves€t€;EHKD030T4S; 3 321,76 € ; 1 328 705 Ft ;
Elsteam VEH 40T-L l€gkezel€be €p€thet€ l€gnedves€t€;EHKD040T4L; 3 620,58 € ; 1 448 233 Ft ;
Elsteam VEH 40T-S l€gkezel€be €p€thet€ l€gnedves€t€;EHKD040T4S; 3 605,29 € ; 1 442 117 Ft ;
Elsteam VEH 60T-XL l€gkezel€be €p€thet€ l€gnedves€t€;EHKD060T4XL; 4 120,93 € ; 1 648 372 Ft ;
Elsteam VEH 60T-M l€gkezel€be €p€thet€ l€gnedves€t€;EHKD060T4M; 4 122,32 € ; 1 648 928 Ft ;
Elsteam VEH 80T-L l€gkezel€be €p€thet€ l€gnedves€t€;EHKD080T4L; 4 492,02 € ; 1 796 809 Ft ;
Elsteam VEH 100T-XL l€gkezel€be €p€thet€ l€gnedves€t€;EHKD100T4XL; 5 079,93 € ; 2 031 973 Ft ;
Elsteam g€zfejleszt€ egys€g kezel€ ajt€ l€gkezel€h€z VEH modellekhez;EHKD0K20; 716,82 € ; 286 728 Ft ;
Elsteam g€zfejleszt€ egys€g €r€tett v€z csatlakoz€ k€szlet VEH modellekhez;EHKD0K21; 134,26 € ; 53 704 Ft ;
MININEB adiabatikus centrifug€l l€gnedves€t€, l€gh€t€;MININEB; 653,96 € ; 261 584 Ft ;
NEB adiabatikus centrifug€l l€gnedves€t€, l€gh€t€;NEB; 1 540,59 € ; 616 238 Ft ;
UCV adiabatikus centrifug€l l€gnedves€t€, l€gh€t€;UCV; 2 185,74 € ; 874 296 Ft ;
Fagyv€delmi kit NEB berendez€shez;NEBAF; 146,30 € ; 58 521 Ft ;
Elektronikus vez€rl€, NEB ;NEBCON; 948,33 € ; 379 332 Ft ;
"SWEP B8THx40 4x3/4""&16 forrasztott lemezes h€cser€l€ ";B8THX404X34; 325,00 € ; 130 002 Ft ;
"SWEP B10THx20 4x1"" forrasztott lemezes h€cser€l€ ";B10THX204X1; 276,39 € ; 110 554 Ft ;
"SWEP B10THx30 4x1""22U forrasztott lemezes h€cser€l€ ";B10THX304X1; 333,27 € ; 133 308 Ft ;
"SWEP B10THx40 4x1""22 forrasztott lemezes h€cser€l€ ";B10THX404X1; 390,18 € ; 156 070 Ft ;
"SWEP B16Hx40 4x1 1/4"" forrasztott lemezes h€cser€l€ ";B16HX404X114; 453,85 € ; 181 539 Ft ;
"SWEP B16Hx50 4x1 1/4"" forrasztott lemezes h€cser€l€ ";B16HX504X114; 520,33 € ; 208 132 Ft ;
"SWEP B16Hx60 4x1 1/4"" forrasztott lemezes h€cser€l€ ";B16HX604X114; 586,73 € ; 234 692 Ft ;
"SWEP B85Hx20 4x1""&22U forrasztott lemezes h€cser€l€ ";B85HX204X1; 318,24 € ; 127 295 Ft ;
"SWEP B85Hx30 4x1""&22U forrasztott lemezes h€cser€l€ ";B85HX304X1; 383,76 € ; 153 505 Ft ;
"SWEP B85Hx40 4x1""&22U forrasztott lemezes h€cser€l€ ";B85HX404X1; 449,35 € ; 179 740 Ft ;
"SWEP B85Hx50 4x1 1/4""&28U forrasztott lemezes h€cser€l€ ";B85HX504X114; 514,90 € ; 205 959 Ft ;
"SWEP B85Hx60 4x1 1/4""&28U forrasztott lemezes h€cser€l€ ";B85HX604X114; 580,32 € ; 232 127 Ft ;
"SWEP B85Hx80 4x1 1/4""&28U forrasztott lemezes h€cser€l€ ";B85HX804X114; 711,49 € ; 284 598 Ft ;
"SWEP B85Hx100 4x1 1/2"" forrasztott lemezes h€cser€l€ ";B85HX1004X112; 842,59 € ; 337 035 Ft ;
"SWEP B85Hx140 4x1 1/2"" forrasztott lemezes h€cser€l€ ";B85HX1404X112; 1 104,75 € ; 441 900 Ft ;
"SWEP B120THx40 4x2"" forrasztott lemezes h€cser€l€ ";B120THX404X2; 1 366,48 € ; 546 591 Ft ;
"SWEP B120THx60 4x2"" forrasztott lemezes h€cser€l€ ";B120THX604X2; 1 728,59 € ; 691 434 Ft ;
"SWEP B120THx80 4x2"" forrasztott lemezes h€cser€l€ ";B120THX804X2; 2 090,80 € ; 836 319 Ft ;
"SWEP B320LTHx70 4x2 1/2"" forrasztott lemezes h€cser€l€ ";B320LTHX704X212; 2 164,65 € ; 865 861 Ft ;
"SWEP B320LTHx90 4x2 1/2"" forrasztott lemezes h€cser€l€ ";B320LTHX904X212; 2 518,70 € ; 1 007 481 Ft ;
"SWEP B320LTHx110 4x2 1/2"" forrasztott lemezes h€cser€l€ ";B320LTHX1104X212; 2 872,57 € ; 1 149 026 Ft ;
"SWEP B320LTHx130 4x2 1/2"" forrasztott lemezes h€cser€l€ ";B320LTHX1304X212; 3 226,59 € ; 1 290 638 Ft ;
"SWEP B320LTHx160 4x2 1/2"" forrasztott lemezes h€cser€l€ ";B320LTHX1604X212; 3 757,57 € ; 1 503 026 Ft ;
"Swep E5Tx10 4x3/4"" forrasztott lemezes h€cser€l€ ";E5TX10; 86,67 € ; 34 669 Ft ;
"Swep E5Tx20 4x3/4"" forrasztott lemezes h€cser€l€ ";E5TX20; 103,45 € ; 41 380 Ft ;
"Swep E5Tx30 4x3/4"" forrasztott lemezes h€cser€l€ ";E5TX30; 125,50 € ; 50 198 Ft ;
"Swep E5Tx40 4x3/4""forrasztott lemezes h€cser€l€ ";E5TX40; 146,75 € ; 58 702 Ft ;
SWEP EPP szigetel€s B8THx40 h€cser€l€h€z;EPPB8TX40; 28,34 € ; 11 335 Ft ;
SWEP EPP szigetel€s B10THx20 h€cser€l€h€z;EPPB10THX20; 24,38 € ; 9 753 Ft ;
SWEP EPP szigetel€s B10THx30-40 h€cser€l€h€z;EPPB10THX40; 26,88 € ; 10 752 Ft ;
SWEP EPP szigetel€s B16Hx40 h€cser€l€h€z;EPPB16HX40; 32,59 € ; 13 034 Ft ;
SWEP EPP szigetel€s B16Hx50-60 h€cser€l€h€z;EPPB16HX60; 35,54 € ; 14 217 Ft ;
SWEP EPP szigetel€s B85Hx20 h€cser€l€h€z;EPPB85HX20; 39,27 € ; 15 708 Ft ;
SWEP EPP szigetel€s B85Hx30 h€cser€l€h€z;EPPB85HX30; 41,23 € ; 16 491 Ft ;
SWEP EPP szigetel€s B85Hx40 h€cser€l€h€z;EPPB85HX40; 43,18 € ; 17 274 Ft ;
SWEP EPP szigetel€s B85Hx50-60 h€cser€l€h€z;EPPB85HX60; 47,04 € ; 18 814 Ft ;
SWEP EPP szigetel€s B85Hx80 h€cser€l€h€z;EPPB85HX80; 50,93 € ; 20 373 Ft ;
SWEP EPP szigetel€s B85Hx100 h€cser€l€h€z;EPPB85HX100; 54,05 € ; 21 621 Ft ;
SWEP HVAC szigetel€s B85Hx140 h€cser€l€h€z;HVACB85HX140; 186,35 € ; 74 541 Ft ;
SWEP HVAC szigetel€s B120THx40 h€cser€l€h€z;HVACB120THX40; 169,99 € ; 67 995 Ft ;
SWEP HVAC szigetel€s B120THx60 h€cser€l€h€z;HVACB120THX60; 187,56 € ; 75 024 Ft ;
SWEP HVAC szigetel€s B120THx80 h€cser€l€h€z;HVACB120THX80; 202,80 € ; 81 121 Ft ;
SWEP HVAC szigetel€s B320LTHx70 h€cser€l€h€z;HVACB320LTHX70; 202,80 € ; 81 121 Ft ;
SWEP HVAC szigetel€s B320LTHx90 h€cser€l€h€z;HVACB320LTHX90; 229,16 € ; 91 665 Ft ;
SWEP HVAC szigetel€s B320LTHx110 h€cser€l€h€z;HVACB320LTHX110; 240,43 € ; 96 171 Ft ;
SWEP HVAC szigetel€s B320LTHx130 h€cser€l€h€z;HVACB320LTHX130; 261,91 € ; 104 766 Ft ;
SWEP HVAC szigetel€s B320LTHx160 h€cser€l€h€z;HVACB320LTHX160; 292,48 € ; 116 992 Ft ;
"Hexonic LJ30-40M-1"" forrasztott lemezes h€cser€l€ ";LJ3040M; 277,68 € ; 111 071 Ft ;
"Hexonic LB47-40-5/4"" forrasztott lemezes h€cser€l€";LB4740; 458,17 € ; 183 268 Ft ;
"Hexonic LB47-50-5/4"" forrasztott lemezes h€cser€l€";LB4750; 524,12 € ; 209 647 Ft ;
"Hexonic LB47-60-5/4"" forrasztott lemezes h€cser€l€";LB4760; 593,54 € ; 237 415 Ft ;
"Hexonic LB60-30H-1"" forrasztott lemezes h€cser€l€ ";LB6030H; 430,40 € ; 172 160 Ft ;
"Hexonic LB60-40H-1"" forrasztott lemezes h€cser€l€ ";LB6040H; 517,18 € ; 206 870 Ft ;
"Hexonic LB60-50H-5/4"" forrasztott lemezes h€cser€l€ ";LB6050H; 631,72 € ; 252 687 Ft ;
"Hexonic LB60-80H-5/4"" forrasztott lemezes h€cser€l€ ";LB6080H; 888,57 € ; 355 428 Ft ;
"Hexonic LB60-100H-5/4"" forrasztott lemezes h€cser€l€ ";LB60100H; 1 062,12 € ; 424 848 Ft ;
"Hexonic LB60-130H-5/4"" forrasztott lemezes h€cser€l€ ";LB60130H; 1 318,97 € ; 527 589 Ft ;
Cipriani SE020+21 szerelt lemezes h€cser€l€ DN32;SE02021; 555,81 € ; 222 323 Ft ;
Cipriani SE020+41 szerelt lemezes h€cser€l€ DN32;SE02041; 787,96 € ; 315 183 Ft ;
Cipriani SE040+21 szerelt lemezes h€cser€l€ DN32;SE04021; 710,87 € ; 284 350 Ft ;
Cipriani SE040+41 szerelt lemezes h€cser€l€ DN32;SE04041; 1 009,14 € ; 403 655 Ft ;
Cipriani SE040+61 szerelt lemezes h€cser€l€ DN32;SE04061; 1 325,43 € ; 530 173 Ft ;
Cipriani SE080+21 szerelt lemezes h€cser€l€ DN32;SE08021; 1 034,01 € ; 413 602 Ft ;
Cipriani SE080+41 szerelt lemezes h€cser€l€ DN32;SE08041; 1 454,73 € ; 581 892 Ft ;
Cipriani SE080+61 szerelt lemezes h€cser€l€ DN32;SE08061; 1 894,99 € ; 757 995 Ft ;
Cipriani SE070+21 szerelt lemezes h€cser€l€ DN50;SE07021; 1 561,49 € ; 624 596 Ft ;
Cipriani SE070+41 szerelt lemezes h€cser€l€ DN50;SE07041; 2 033,30 € ; 813 321 Ft ;
Cipriani SE070+61 szerelt lemezes h€cser€l€ DN50;SE07061; 2 549,44 € ; 1 019 776 Ft ;
Cipriani SE0160+41 szerelt lemezes h€cser€l€ DN50;SE016041; 2 674,01 € ; 1 069 602 Ft ;
Cipriani SE0160+61 szerelt lemezes h€cser€l€ DN50;SE016061; 3 367,45 € ; 1 346 980 Ft ;
Cipriani SE0160+81 szerelt lemezes h€cser€l€ DN50;SE016081; 4 063,15 € ; 1 625 259 Ft ;
Hidros FH 25 l€gsz€r€t€ fel€leti h€t€shez;FH25; 2 002,42 € ; 800 966 Ft ;
Hidros FH 25 WZ l€gsz€r€t€ fel€leti h€t€shez;FH25WZ; 2 485,76 € ; 994 303 Ft ;
Hidros GH 25 l€gsz€r€t€ fel€leti h€t€shez;GH25; 2 002,42 € ; 800 966 Ft ;
Hidros GH 50 l€gsz€r€t€ fel€leti h€t€shez;GH50; 3 374,19 € ; 1 349 675 Ft ;
Hidros GH 100 l€gsz€r€t€ fel€leti h€t€shez;GH100; 5 026,76 € ; 2 010 702 Ft ;
Hidros GH 200 l€gsz€r€t€ fel€leti h€t€shez;GH200; 7 581,56 € ; 3 032 625 Ft ;
Hidros GH 25 WZ l€gsz€r€t€ fel€leti h€t€shez;GH25WZ; 2 485,76 € ; 994 303 Ft ;
Hidros GH 50 WZ l€gsz€r€t€ fel€leti h€t€shez;GH50WZ; 4 069,28 € ; 1 627 711 Ft ;
Hidros GH 100 WZ l€gsz€r€t€ fel€leti h€t€shez;GH100WZ; 5 873,75 € ; 2 349 502 Ft ;
Hidros GH 200 WZ l€gsz€r€t€ fel€leti h€t€shez;GH200WZ; 8 847,46 € ; 3 538 983 Ft ;
Hidros HBA 50A ipari fali, €ll€ l€gsz€r€t€;HBA50A; 4 055,47 € ; 1 622 187 Ft ;
Hidros HBA 75A ipari fali, €ll€ l€gsz€r€t€;HBA75A; 4 718,34 € ; 1 887 335 Ft ;
Hidros HBA 100A ipari fali, €ll€ l€gsz€r€t€;HBA100A; 5 381,21 € ; 2 152 482 Ft ;
Hidros HBA 150A ipari fali, €ll€ l€gsz€r€t€;HBA150A; 6 163,76 € ; 2 465 504 Ft ;
Hidros HBA 200A ipari fali, €ll€ l€gsz€r€t€;HBA200A; 6 909,49 € ; 2 763 795 Ft ;
Hidros HBA 50P ipari fal€tvezet€s l€gsz€r€t€;HBA50P; 3 714,83 € ; 1 485 931 Ft ;
Hidros HBA 75P ipari fal€tvezet€s l€gsz€r€t€;HBA75P; 4 368,49 € ; 1 747 396 Ft ;
Hidros HBA 100P ipari fal€tvezet€s l€gsz€r€t€;HBA100P; 5 022,15 € ; 2 008 861 Ft ;
Hidros HBA 150P ipari fal€tvezet€s l€gsz€r€t€;HBA150P; 5 721,85 € ; 2 288 739 Ft ;
Hidros HBA 200P ipari fal€tvezet€s l€gsz€r€t€;HBA200P; 6 458,37 € ; 2 583 347 Ft ;
Hidros HHA 50 ipari mennyezeti, l€gcsatorn€zhat€ l€gsz€r€t€;HHA50; 4 598,65 € ; 1 839 461 Ft ;
Hidros HHA 75 ipari mennyezeti, l€gcsatorn€zhat€ l€gsz€r€t€;HHA75; 5 261,52 € ; 2 104 609 Ft ;
Hidros HHA 100 ipari mennyezeti, l€gcsatorn€zhat€ l€gsz€r€t€;HHA100; 5 823,12 € ; 2 329 247 Ft ;
Hidros HHA 150 ipari mennyezeti, l€gcsatorn€zhat€ l€gsz€r€t€;HHA150; 6 725,36 € ; 2 690 143 Ft ;
Hidros HHA 200 ipari mennyezeti, l€gcsatorn€zhat€ l€gsz€r€t€;HHA200; 7 595,37 € ; 3 038 149 Ft ;
Hidros HDA 75 ipari l€gcsatorn€zhat€ l€gsz€r€t€;HDA75; 4 893,26 € ; 1 957 304 Ft ;
Hidros HDA 100 ipari l€gcsatorn€zhat€ l€gsz€r€t€;HDA100; 5 118,82 € ; 2 047 528 Ft ;
Hidros HDA 150 ipari l€gcsatorn€zhat€ l€gsz€r€t€;HDA150; 8 009,66 € ; 3 203 866 Ft ;
Hidros HDA 200 ipari l€gcsatorn€zhat€ l€gsz€r€t€;HDA200; 8 727,77 € ; 3 491 109 Ft ;
Hidros HMA 270 ipari l€gcsatorn€zhat€ l€gsz€r€t€;HMA270; 11 374,64 € ; 4 549 858 Ft ;
Hidros HMA 350 ipari l€gcsatorn€zhat€ l€gsz€r€t€;HMA350; 13 726,91 € ; 5 490 763 Ft ;
Hidros HMA 450 ipari l€gcsatorn€zhat€ l€gsz€r€t€;HMA450; 15 250,59 € ; 6 100 234 Ft ;
Hidros HMA 550 ipari l€gcsatorn€zhat€ l€gsz€r€t€;HMA550; 18 320,96 € ; 7 328 383 Ft ;
Hidros HMA 750 ipari l€gcsatorn€zhat€ l€gsz€r€t€;HMA750; 21 092,12 € ; 8 436 847 Ft ;
Hidros HMA 950 ipari l€gcsatorn€zhat€ l€gsz€r€t€;HMA950; 24 121,06 € ; 9 648 424 Ft ;
Hidros SBA 50A uszodai fali, €ll€ l€gsz€r€t€;SBA50A; 3 940,39 € ; 1 576 155 Ft ;
Hidros SBA 75A uszodai fali, €ll€ l€gsz€r€t€;SBA75A; 4 594,05 € ; 1 837 620 Ft ;
Hidros SBA 100A uszodai fali, €ll€ l€gsz€r€t€;SBA100A; 5 229,30 € ; 2 091 719 Ft ;
Hidros SBA 150A uszodai fali, €ll€ l€gsz€r€t€;SBA150A; 6 002,65 € ; 2 401 058 Ft ;
Hidros SBA 200A uszodai fali, €ll€ l€gsz€r€t€;SBA200A; 6 716,15 € ; 2 686 460 Ft ;
Hidros SBA 50P uszodai fal€tvezet€s l€gsz€r€t€;SBA50P; 3 631,97 € ; 1 452 787 Ft ;
Hidros SBA 75P uszodai fal€tvezet€s l€gsz€r€t€;SBA75P; 4 248,81 € ; 1 699 522 Ft ;
Hidros SBA 100P uszodai fal€tvezet€s l€gsz€r€t€;SBA100P; 4 884,05 € ; 1 953 622 Ft ;
Hidros SBA 150P uszodai fal€tvezet€s l€gsz€r€t€;SBA150P; 5 560,73 € ; 2 224 293 Ft ;
Hidros SBA 200P uszodai fal€tvezet€s l€gsz€r€t€;SBA200P; 6 278,84 € ; 2 511 536 Ft ;
Hidros SHA 50 uszodai mennyezeti, l€gcsatorn€zhat€ l€gsz€r€t€;SHA50; 4 175,15 € ; 1 670 061 Ft ;
Hidros SHA 75 uszodai mennyezeti, l€gcsatorn€zhat€ l€gsz€r€t€;SHA75; 4 893,26 € ; 1 957 304 Ft ;
Hidros SHA 100 uszodai mennyezeti, l€gcsatorn€zhat€ l€gsz€r€t€;SHA100; 5 625,18 € ; 2 250 071 Ft ;
Hidros SHA 150 uszodai mennyezeti, l€gcsatorn€zhat€ l€gsz€r€t€;SHA150; 6 407,73 € ; 2 563 093 Ft ;
Hidros SHA 200 uszodai mennyezeti, l€gcsatorn€zhat€ l€gsz€r€t€;SHA200; 7 240,92 € ; 2 896 368 Ft ;
Hidros SDA 75 uszodai l€gcsatorn€zhat€ l€gsz€r€t€;SDA75; 5 832,32 € ; 2 332 930 Ft ;
Hidros SDA 100 uszodai l€gcsatorn€zhat€ l€gsz€r€t€;SDA100; 6 430,75 € ; 2 572 299 Ft ;
Hidros SDA 150 uszodai l€gcsatorn€zhat€ l€gsz€r€t€;SDA150; 9 174,29 € ; 3 669 715 Ft ;
Hidros SDA 200 uszodai l€gcsatorn€zhat€ l€gsz€r€t€;SDA200; 9 653,03 € ; 3 861 211 Ft ;
Hidros SMA 270 uszodai l€gcsatorn€zhat€ l€gsz€r€t€;SMA270; 11 503,54 € ; 4 601 414 Ft ;
Hidros SMA 350 uszodai l€gcsatorn€zhat€ l€gsz€r€t€;SMA350; 13 349,44 € ; 5 339 777 Ft ;
Hidros SMA 450 uszodai l€gcsatorn€zhat€ l€gsz€r€t€;SMA450; 15 121,69 € ; 6 048 678 Ft ;
Hidros SMA 550 uszodai l€gcsatorn€zhat€ l€gsz€r€t€;SMA550; 18 247,31 € ; 7 298 922 Ft ;
Hidros SMA 750 uszodai l€gcsatorn€zhat€ l€gsz€r€t€;SMA750; 20 935,61 € ; 8 374 243 Ft ;
Hidros SMA 950 uszodai l€gcsatorn€zhat€ l€gsz€r€t€;SMA950; 24 369,64 € ; 9 747 854 Ft ;
Hidros UTA 015 uszodai h€visszanyer€s, frissleveg€s l€gsz€r€t€ ;UTA015; 19 218,59 € ; 7 687 437 Ft ;
Hidros UTA 020 uszodai h€visszanyer€s, frissleveg€s l€gsz€r€t€ ;UTA020; 21 451,17 € ; 8 580 469 Ft ;
Hidros UTA 028 uszodai h€visszanyer€s, frissleveg€s l€gsz€r€t€;UTA028; 29 884,34 € ; 11 953 734 Ft ;
Hidros UTA 035 uszodai h€visszanyer€s, frissleveg€s l€gsz€r€t€ ;UTA035; 32 508,19 € ; 13 003 277 Ft ;
Hidros UTA 042 uszodai h€visszanyer€s, frissleveg€s l€gsz€r€t€ ;UTA042; 38 280,67 € ; 15 312 270 Ft ;
Hidros UTA 052 uszodai h€visszanyer€s, frissleveg€s l€gsz€r€t€;UTA052; 41 429,30 € ; 16 571 720 Ft ;
Hidros UTA 060 uszodai h€visszanyer€s, frissleveg€s l€gsz€r€t€ ;UTA060; 44 186,65 € ; 17 674 661 Ft ;
Hidros l€gcsatorn€zhat€ l€gsz€r€, HDA/SDA 75-100 ;FARC10; 354,45 € ; 141 780 Ft ;
Hidros l€gcsatorn€zhat€ l€gsz€r€, HDA/SDA 150-200 ;FARC20; 446,52 € ; 178 606 Ft ;
Hidros l€gcsatorn€zhat€ l€gsz€r€, HMA/SMA 270-450 ;FARC45; 515,56 € ; 206 226 Ft ;
Hidros l€gcsatorn€zhat€ l€gsz€r€, HMA/SMA 550-950 ;FARC95; 593,82 € ; 237 528 Ft ;
Hidros villamos l€gf€t€ 3 kW, SBA/SHA 50 ;HOEL29; 649,06 € ; 259 624 Ft ;
Hidros villamos l€gf€t€ 3 kW, SBA/SHA/SDA 75-100;HOEL30; 690,49 € ; 276 195 Ft ;
Hidros villamos l€gf€t€ 6 kW, SBA/SHA/SDA 150-200;HOEL62; 750,33 € ; 300 132 Ft ;
Hidros villamos l€gf€t€ 9 kW, SMA 270-950 ;HOEL09; 1 132,40 € ; 452 960 Ft ;
Hidros villamos l€gf€t€ 18 kW, SMA 550-950 ;HOEL18; 1 638,76 € ; 655 504 Ft ;
Hidros vizes l€gf€t€ kalorifer, SMA 270-450;HOWA33; 1 090,97 € ; 436 389 Ft ;
Hidros vizes l€gf€t€ kalorifer, SMA 550-950 ;HOWA74; 1 675,59 € ; 670 234 Ft ;
Hidros vizes l€gf€t€ kalorifer, SBA/SHA 50 ;HOWA49; 580,01 € ; 232 004 Ft ;
Hidros vizes l€gf€t€ kalorifer, SBA/SHA/SDA 75-100 ;HOWA75; 621,44 € ; 248 576 Ft ;
Hidros vizes l€gf€t€ kalorifer, SBA/SHA/SDA 150-200;HOWA76; 685,89 € ; 274 354 Ft ;
Hidros rezg€scsillap€t€ g€pl€b, HDA/SDA 75-200 ;KAVG20; 124,29 € ; 49 715 Ft ;
Hidros rezg€scsillap€t€ g€pl€b, HMA/SMA 270-450 ;KAVG45; 174,92 € ; 69 969 Ft ;
Hidros rezg€scsillap€t€ g€pl€b, HMA/SMA 550-950 ;KAVG75; 193,34 € ; 77 335 Ft ;
Hidros l€gr€csok, HBA/SBA 50 P;KGBH50; 414,29 € ; 165 717 Ft ;
Hidros l€gr€csok, HBA/SBA 75-100 P;KGBH75; 451,12 € ; 180 448 Ft ;
Hidros l€gr€csok, HBA/SBA 150-200 P ;KGBH15; 685,89 € ; 274 354 Ft ;
Hidros 3 j€rat€ f€t€sszelep, SMA 270-450 ;KIVM33; 768,74 € ; 307 497 Ft ;
Hidros 3 j€rat€ f€t€sszelep, SMA 550-950 ;KIVM56; 957,48 € ; 382 991 Ft ;
Hidros 3 j€rat€ f€t€sszelep, SBA/SHA/SDA 50-100;KIVM75; 303,81 € ; 121 526 Ft ;
Hidros 3 j€rat€ f€t€sszelep, SBA/SHA/SDA 150-200;KIVM76; 336,04 € ; 134 415 Ft ;
Hidros l€gtechnikai idom, HBA/SBA 50 P ;PMBH09; 340,64 € ; 136 256 Ft ;
Hidros l€gtechnikai idom, HBA/SBA 75-100 P ;PMBH10; 377,47 € ; 150 987 Ft ;
Hidros l€gtechnikai idom, HBA/SBA 150-200 P ;PMBH20; 520,17 € ; 208 067 Ft ;
Hidros parci€lis h€cser€l€, SHA/SDA 75 ;RP0175; 883,83 € ; 353 530 Ft ;
Hidros parci€lis  h€cser€l€, SHA/SDA 100 ;RP0110; 1 031,13 € ; 412 452 Ft ;
Hidros parci€lis h€cser€l€, SHA/SDA 150-200, UTA 15-20 ;RP0120; 1 371,77 € ; 548 708 Ft ;
Hidros parci€lis  h€cser€l€, SMA 270-350, UTA 28-35 ;RP0128; 1 537,49 € ; 614 995 Ft ;
Hidros parci€lis  h€cser€l€, SMA 450-550, UTA 42-60 ;RP0142; 2 149,72 € ; 859 888 Ft ;
Hidros parci€lis h€cser€l€, SMA 750;RP0145; 2 637,67 € ; 1 055 066 Ft ;
Hidros parci€lis h€cser€l€, SMA 950;RP0150; 3 176,25 € ; 1 270 499 Ft ;
Hidros E.C. ventil€tor 300 Pa, HDA/SDA 75-100, HHA/SHA 50-75;V1CE10; 1 514,47 € ; 605 788 Ft ;
Hidros E.C. ventil€tor 300 Pa, HDA/SDA 150-250, HHA/SHA 100-200 ;V1CE20; 1 781,46 € ; 712 584 Ft ;
Hidros E.C. ventil€tor 300 Pa, HMA/SMA 270-450 ;V1CE45; 3 010,53 € ; 1 204 212 Ft ;
Hidros E.C. ventil€tor 300 Pa, HMA/SMA 550-950 ;V1CE95; 4 893,26 € ; 1 957 304 Ft ;
Hidros l€bk€szlet, HBA/SBA 50-200;ZOCC15; 193,34 € ; 77 335 Ft ;
Hidros be€p€tett p€ratartalom €s h€m€rs€klet szab€lyz€, €rz€kel€ ;RGDD05; 299,21 € ; 119 685 Ft ;
Hidros k€zvet€t€k€zeges h€visszanyer€, UTA 15-20 ;DBRC20; 3 378,79 € ; 1 351 516 Ft ;
Hidros k€zvet€t€k€zeges h€visszanyer€, UTA 28-35 ;DBRC35; 3 636,57 € ; 1 454 629 Ft ;
Hidros k€zvet€t€k€zeges h€visszanyer€, UTA 42-60;DBRC60; 7 379,02 € ; 2 951 608 Ft ;
Hidros t€vvez€rl€ panel, HBA, HHA, HMA, SBA, SHA, SDA, SMA ;PCRL10; 290,01 € ; 116 002 Ft ;
Hidros t€vvez€rl€ panel, UTA;PCRL30; 768,74 € ; 307 497 Ft ;
Hidros RS485 interf€sz, kaszk€d, MODBUS  ;INSE10; 349,85 € ; 139 939 Ft ;
Hidros RS485 interf€sz, kaszk€d, MODBUS, UTA;INSE30; 612,23 € ; 244 893 Ft ;
Pego SP g€zkaz€n elektr€d€val, ES6 €s ES6-OEM;UMCL01; 204,76 € ; 81 905 Ft ;
Pego SP g€zkaz€n elektr€d€val, ES12 €s ES12-OEM;UMCL02; 215,19 € ; 86 076 Ft ;
Pego SP g€zkaz€n elektr€d€val, ES24 €s ES24-OEM, ES48;UMCL03; 292,15 € ; 116 859 Ft ;
Pego SP g€zkaz€n elektr€d€val, ES3-M €s ES3-M-OEM;UMCL04; 204,76 € ; 81 905 Ft ;
Pego SP g€zkaz€n elektr€d€val, ES6-M, ES6-M-OEM;UMCL05; 215,19 € ; 86 076 Ft ;
Pego SP g€zkaz€n elektr€d€val, ES6,  125 €S/cm v€zhez;UMCL06; 347,45 € ; 138 981 Ft ;
Pego SP g€zkaz€n elektr€d€val, ES12, 125 €S/cm v€zhez ;UMCL07; 399,47 € ; 159 789 Ft ;
Pego SP g€zkaz€n elektr€d€val, ES24, ES24-OEM, ES48, 125 €S/cm v€zhez;UMCL08; 468,25 € ; 187 298 Ft ;
Pego SP g€zkaz€n komplett, ES6-OEM-CCU, ES6-MINI;UMCLCCU01; 147,36 € ; 58 943 Ft ;
Pego SP g€zkaz€n komplett, ES3-M-OEM-CCU, ES3-MINI;UMCLCCU02; 164,59 € ; 65 836 Ft ;
Pego SP g€zkaz€n komplett, ES3-M-OEM-CCU, ES3-MINI, 125 €S/cm v€zhez ;UMCLCCU03; 199,03 € ; 79 612 Ft ;
Pego SP elektr€da k€szlet, ES6-OEM-CCU, ES6-MINI;UMEL01; 84,20 € ; 33 681 Ft ;
Pego SP elektr€da k€szlet, ES3M-OEM-CCU, ES3M-MINI;UMEL02; 89,96 € ; 35 984 Ft ;
Pego SP elektr€da k€szlet, ES-OEM-CCU, ES-MINI, 125 €S/cm v€zhez;UMEL03; 101,44 € ; 40 575 Ft ;
Pego SP g€zkaz€n tet€-alj, ES-3-12(-M), ES-3-6(-M)-OEM, alj, ES24,ES48;UMICO25; 14,62 € ; 5 849 Ft ;
Pego SP g€zkaz€n tet€, ES24-OEM, ES24, ES48;UMICO40; 14,62 € ; 5 849 Ft ;
Pego SP g€zkaz€n tet€, ES3-OEM-CCU, ES3-MINI;UMICOCCUM; 21,06 € ; 8 426 Ft ;
Pego SP g€zkaz€n tet€, ES6-OEM-CCU, ES6-MINI;UMICOCCUT; 21,06 € ; 8 426 Ft ;
Pego SP g€zkaz€n tet€, ES-OEM-CCU, ES-MINI 125 €S/cm v€zhez;UMICOCCUB; 21,06 € ; 8 426 Ft ;
Pego SP €r€t€szivatty€, ES;POMPA94350; 129,54 € ; 51 817 Ft ;
Pego SP €r€t€szivatty€, ES-OEM-CCU, ES-MINI;UMPO25150; 129,54 € ; 51 817 Ft ;
Pego SP €r€t€szivatty€, OEM;UM931OEM50; 129,54 € ; 51 817 Ft ;
"Pego SP m€gnesszelep, ES-MINI €s ES 3-6-12-24, 3/4""";UMIVALV; 43,86 € ; 17 545 Ft ;
"Pego SP m€gnesszelep, OEM 3/4""";UMVALOEM; 43,86 € ; 17 545 Ft ;
"Pego SP m€gnesszelep, ES 48 modell, 3/4""";UMIVALV48; 43,86 € ; 17 545 Ft ;
"Pego SP m€gnesszelep, ES100-as €s minden Coldraines modell, 3/4""";UMIVALV2; 86,13 € ; 34 452 Ft ;
Pego SP v€zbevezet€ cs€, ES 3-6, ES48;UMITUBO107; 25,06 € ; 10 023 Ft ;
Pego SP v€zbevezet€ cs€, ES 12-24;UMITUBO105; 25,06 € ; 10 023 Ft ;
Pego SP v€zbevezet€ cs€, OEM;UMITUBO106; 25,06 € ; 10 023 Ft ;
Pego SP v€zbevezet€ cs€, ES-OEM-CCU,ES-MINI;UMITUBO108; 25,06 € ; 10 023 Ft ;
Pego SP €r€t€ cs€ 90€, ES, ES-OEM;UMICURVA90; 33,42 € ; 13 366 Ft ;
Pego SP €r€t€ cs€ 90€, ES48;UMICURVA902; 44,25 € ; 17 701 Ft ;
Pego SP O gy€r€ g€zkaz€nhoz, als€, ES-OEM ;UMIOR1; 8,33 € ; 3 333 Ft ;
Pego SP O gy€r€ g€zkaz€nhoz, fels€, ES-OEM;UMIOR3; 19,69 € ; 7 877 Ft ;
Pego SP O gy€r€ g€zkaz€nhoz, kaz€ntest bels€, ES-OEM ;UMIOR9; 6,54 € ; 2 614 Ft ;
Pego SP O gy€r€ g€zkaz€nhoz, als€, CCU-MINI;UMIOR5; 8,33 € ; 3 333 Ft ;
Pego SP O gy€r€ g€zkaz€nhoz, fels€,CCU-MINI;UMIOR7; 19,69 € ; 7 877 Ft ;
Pego SP vez€rl€ komplett, NANO+MASTER, minden modellhez;KHUM2ESXX; 651,93 € ; 260 770 Ft ;
Pego SP NANO kijelz€, minden modellhez;HUMESDIS; 156,70 € ; 62 682 Ft ;
Pego SP MASTER vez€rl€, minden modellhez;HUM2ESXXMASTER; 495,21 € ; 198 084 Ft ;
Pego SP szifon €r€t€ cs€k€szlet, ES3 M, ES6;UMSIF01; 65,07 € ; 26 027 Ft ;
Pego SP szifon €r€t€ cs€k€szlet, ES12;UMSIF02; 65,07 € ; 26 027 Ft ;
Pego SP szifon €r€t€ cs€k€szlet, ES24, ES48;UMSIF03; 65,07 € ; 26 027 Ft ;
Pego SP szifon €r€t€ cs€k€szlet, ES3M-OEM, ES6-OEM;UMSIF04; 69,05 € ; 27 621 Ft ;
Pego SP szifon €r€t€ cs€k€szlet, ES12-OEM;UMSIF05; 69,05 € ; 27 621 Ft ;
Pego SP szifon €r€t€ cs€k€szlet, ES24-OEM;UMSIF06; 69,05 € ; 27 621 Ft ;
Pego SP szifon €r€t€ cs€k€szlet, ES3-MINI;UMSIF07; 65,07 € ; 26 027 Ft ;
Pego SP g€zkaz€n villamos csatlakoz€ k€szlet, ES3, ES6, ES12;UMICONN5PF5PM; 28,77 € ; 11 509 Ft ;
Pego SP g€zkaz€n villamos csatlakoz€ k€szlet, ES24, ES48;UMICONN605125; 35,86 € ; 14 345 Ft ;
Pego SP g€zkaz€n tet€ r€gz€t€, 8 db k€szlet, ES MINI, CCU;UMIGANCCU; 13,95 € ; 5 579 Ft ;
Pego SP €ramm€r€ tekercs, minden modellhez;UMITA5712; 25,06 € ; 10 023 Ft ;
Pego SP m€gneskapcsol€, ES3-6-12, ES3-6 MINI;CON20161AP01; 41,29 € ; 16 518 Ft ;
Pego SP m€gneskapcsol€, ES24-48-100;CON20241AL20; 53,69 € ; 21 477 Ft ;
Pego SP ABS tart€elem k€szlet, ES3-6-12-24;UMIBA01; 143,17 € ; 57 269 Ft ;
Pego SP g€zkaz€n r€gz€t€ rug€, ES 3;UMIMOLLA4; 8,85 € ; 3 541 Ft ;
Pego SP g€zkaz€n r€gz€t€ rug€, ES6-6M;UMIMOLLA1; 8,85 € ; 3 541 Ft ;
Pego SP g€zkaz€n r€gz€t€ rug€, ES12;UMIMOLLA2; 13,30 € ; 5 319 Ft ;
Pego SP g€zkaz€n r€gz€t€ rug€, ES24-48;UMIMOLLA3; 16,75 € ; 6 700 Ft ;
Pego SP v€zk€sz€r€ g€zkaz€nhoz, ES-OEM-CCU, ES-MINI;UMIFILTRO; 7,07 € ; 2 827 Ft ;
Ariston HYBRID NIMBUS 35 M NET R32 h€szivatty€ k€lt€ri egys€g GENUS / CLAS ONE kaz€nnal kombin€lhat€;HYBRID35R32; 3 847,18 € ; 1 538 874 Ft ;
Ariston HYBRID NIMBUS 50 M NET R32 h€szivatty€ k€lt€ri egys€g GENUS / CLAS ONE kaz€nnal kombin€lhat€;HYBRID50R32; 4 116,95 € ; 1 646 780 Ft ;
Ariston HYBRID NIMBUS 80 M NET R32 h€szivatty€ k€lt€ri egys€g GENUS / CLAS ONE kaz€nnal kombin€lhat€;HYBRID80R32; 4 442,61 € ; 1 777 045 Ft ;
Ariston HYBRID NIMBUS 80T M NET R32 h€szivatty€ k€lt€ri egys€g GENUS / CLAS ONE kaz€nnal kombin€lhat€;HYBRID80TR32; 5 285,93 € ; 2 114 372 Ft ;
Ariston HYBRID NIMBUS 120T M NET R32 h€szivatty€ k€lt€ri egys€g GENUS / CLAS ONE kaz€nnal kombin€lhat€;HYBRID120TR32; 6 214,31 € ; 2 485 724 Ft ;
Ariston HYBRID NIMBUS 150T M NET R32 h€szivatty€ k€lt€ri egys€g GENUS / CLAS ONE kaz€nnal kombin€lhat€;HYBRID150TR32; 6 649,34 € ; 2 659 734 Ft ;
Ariston HYBRID NIMBUS 35 M NET UNIVERSAL R32 h€szivatty€ k€lt€ri egys€g g€zkaz€nhoz;HYBUNIVER35R32; 3 791,29 € ; 1 516 515 Ft ;
Ariston HYBRID NIMBUS 50 M NET UNIVERSAL R32 h€szivatty€ k€lt€ri egys€g g€zkaz€nhoz;HYBUNIVER50R32; 4 058,62 € ; 1 623 449 Ft ;
Ariston HYBRID NIMBUS 80 M NET UNIVERSAL R32 h€szivatty€ k€lt€ri egys€g g€zkaz€nhoz;HYBUNIVER80R32; 4 386,71 € ; 1 754 686 Ft ;
Ariston HYBRID NIMBUS 80T M NET UNIVERSAL R32 h€szivatty€ k€lt€ri egys€g g€zkaz€nhoz;HYBUNIVER80TR32; 5 230,03 € ; 2 092 013 Ft ;
Ariston HYBRID NIMBUS 120T M NET UNIVERSAL R32 h€szivatty€ k€lt€ri egys€g g€zkaz€nhoz;HYBUNIVER120TR32; 6 158,41 € ; 2 463 365 Ft ;
Ariston HYBRID NIMBUS 150T M NET UNIVERSAL R32 h€szivatty€ k€lt€ri egys€g g€zkaz€nhoz;HYBUNIVER150TR32; 6 591,01 € ; 2 636 403 Ft ;
Ariston Cube S Net szobatermoszt€t, Ariston Net csatlakoz€s;CUBESNET; 228,69 € ; 91 477 Ft ;
Ariston Cube szobatermoszt€t;CUBE; 93,57 € ; 37 427 Ft ;
Ariston Cube RF vezet€k n€lk€li szobatermoszt€t  ;CUBERF; 110,34 € ; 44 134 Ft ;
Ariston Sensys rendszervez€rl€ €s programozhat€ szobatermoszt€t;SENSYS; 195,88 € ; 78 353 Ft ;
Ariston vezet€k n€lk€li k€ls€ h€m€rs€klet €rz€kel€;EXTTS; 100,13 € ; 40 052 Ft ;
Ariston k€ls€ h€m€rs€klet €rz€kel€;EXTNTC10; 42,77 € ; 17 109 Ft ;
Ariston BUS vev€k€sz€l€k;BUS; 114,71 € ; 45 884 Ft ;
Ariston multifunkcion€lis vez€rl€;MULTICONTR; 72,91 € ; 29 164 Ft ;
Ariston z€na manager vez€rl€;ZONECONTR; 237,93 € ; 95 171 Ft ;
Ariston NIMBUS PLUS 35 M NET R32 h€szivatty€ kit + HMV el€k€sz€t€s;PLUS35MR32; 4 911,66 € ; 1 964 665 Ft ;
Ariston NIMBUS PLUS 50 M NET R32 h€szivatty€ kit + HMV el€k€sz€t€s;PLUS50MR32; 5 106,09 € ; 2 042 435 Ft ;
Ariston NIMBUS PLUS 80 M NET R32 h€szivatty€ kit + HMV el€k€sz€t€s;PLUS80MR32; 5 502,23 € ; 2 200 891 Ft ;
Ariston NIMBUS PLUS 80 M-T NET R32 h€szivatty€ kit + HMV el€k€sz€t€s;PLUS80MTR32; 6 340,69 € ; 2 536 274 Ft ;
Ariston NIMBUS PLUS 120 M NET R32 h€szivatty€ kit + HMV el€k€sz€t€s;PLUS120MR32; 7 091,65 € ; 2 836 661 Ft ;
Ariston NIMBUS PLUS 120 M-T NET R32 h€szivatty€ kit + HMV el€k€sz€t€s;PLUS120MTR32; 7 303,09 € ; 2 921 236 Ft ;
Ariston NIMBUS PLUS 150 M NET R32 h€szivatty€ kit + HMV el€k€sz€t€s;PLUS150MR32; 7 587,44 € ; 3 034 974 Ft ;
Ariston NIMBUS PLUS 150 M-T NET R32 h€szivatty€ kit + HMV el€k€sz€t€s;PLUS150MTR32; 7 815,89 € ; 3 126 354 Ft ;
Ariston NIMBUS COMPACT 35 M NET R32 h€szivatty€ kit + HMV t€rol€;COMP35MR32; 7 047,91 € ; 2 819 163 Ft ;
Ariston NIMBUS COMPACT 35 M 2Z NET R32 h€szivatty€ kit + HMV t€rol€;COMP35M2ZR32; 8 547,41 € ; 3 418 964 Ft ;
Ariston NIMBUS COMPACT 50 M NET R32 h€szivatty€ kit + HMV t€rol€;COMP50MR32; 7 329,82 € ; 2 931 929 Ft ;
Ariston NIMBUS COMPACT 50 M 2Z NET R32 h€szivatty€ kit + HMV t€rol€;COMP50M2ZR32; 8 890,08 € ; 3 556 033 Ft ;
Ariston NIMBUS COMPACT 80 M NET R32 h€szivatty€ kit + HMV t€rol€;COMP80MR32; 7 640,90 € ; 3 056 361 Ft ;
Ariston NIMBUS COMPACT 80 M 2Z NET R32 h€szivatty€ kit + HMV t€rol€;COMP80M2ZR32; 9 137,98 € ; 3 655 190 Ft ;
Ariston NIMBUS COMPACT 80 M-T NET R32 h€szivatty€ kit + HMV t€rol€;COMP80MTR32; 8 561,99 € ; 3 424 796 Ft ;
Ariston NIMBUS COMPACT 80 M-T 2Z NET R32 h€szivatty€ kit + HMV t€rol€;COMP80MT2ZR32; 9 976,43 € ; 3 990 573 Ft ;
Ariston NIMBUS COMPACT 120 M NET R32 h€szivatty€ kit + HMV t€rol€;COMP120MR32; 9 230,33 € ; 3 692 131 Ft ;
Ariston NIMBUS COMPACT 120 M 2Z NET R32 h€szivatty€ kit + HMV t€rol€;COMP120M2ZR32; 10 654,49 € ; 4 261 796 Ft ;
Ariston NIMBUS COMPACT 120 M-T NET R32 h€szivatty€ kit + HMV t€rol€;COMP120MTR32; 9 915,68 € ; 3 966 270 Ft ;
Ariston NIMBUS COMPACT 120 M-T 2Z NET R32 h€szivatty€ kit + HMV t€rol€;COMP120MT2ZR32; 10 865,93 € ; 4 346 371 Ft ;
Ariston NIMBUS COMPACT 150 M NET R32 h€szivatty€ kit + HMV t€rol€;COMP150MR32; 9 876,79 € ; 3 950 716 Ft ;
Ariston NIMBUS COMPACT 150 M 2Z NET R32 h€szivatty€ kit + HMV t€rol€;COMP150M2ZR32; 11 400,60 € ; 4 560 238 Ft ;
Ariston NIMBUS COMPACT 150 M-T NET R32 h€szivatty€ kit + HMV t€rol€;COMP150MTR32; 10 102,81 € ; 4 041 124 Ft ;
Ariston NIMBUS COMPACT 150 M-T 2Z NET R32 h€szivatty€ kit + HMV t€rol€;COMP150MT2ZR32; 11 626,62 € ; 4 650 646 Ft ;
Ariston NIMBUS POCKET 35 M NET R32 h€szivatty€ kit + HMV el€k€sz€t€s;POCKET35MR32; 3 555,55 € ; 1 422 219 Ft ;
Ariston NIMBUS POCKET 50 M NET R32 h€szivatty€ kit + HMV el€k€sz€t€s;POCKET50MR32; 3 805,87 € ; 1 522 348 Ft ;
Ariston NIMBUS POCKET 80 M NET R32 h€szivatty€ kit + HMV el€k€sz€t€s;POCKET80MR32; 4 146,11 € ; 1 658 445 Ft ;
Ariston NIMBUS POCKET 80 M-T NET R32 h€szivatty€ kit + HMV el€k€sz€t€s;POCKET80MTR32; 4 984,57 € ; 1 993 828 Ft ;
Ariston NIMBUS POCKET 120 M NET R32 h€szivatty€ kit + HMV el€k€sz€t€s;POCKET120MR32; 5 696,65 € ; 2 278 661 Ft ;
Ariston NIMBUS POCKET 120 M-T NET R32 h€szivatty€ kit + HMV el€k€sz€t€s;POCKET120MTR32; 5 910,52 € ; 2 364 208 Ft ;
Ariston NIMBUS POCKET 150 M NET R32 h€szivatty€ kit + HMV el€k€sz€t€s;POCKET150MR32; 6 095,22 € ; 2 438 090 Ft ;
Ariston NIMBUS POCKET 150 M-T NET R32 h€szivatty€ kit + HMV el€k€sz€t€s;POCKET150MTR32; 6 323,67 € ; 2 529 469 Ft ;
Ariston NIMBUS FLEX 35 M NET R32 h€szivatty€ kit + HMV t€rol€;FLEX35MR32; 6 547,26 € ; 2 618 905 Ft ;
Ariston NIMBUS FLEX 50 M NET R32 h€szivatty€ kit + HMV t€rol€;FLEX50MR32; 6 809,74 € ; 2 723 894 Ft ;
Ariston NIMBUS FLEX 80 M NET R32 h€szivatty€ kit + HMV t€rol€;FLEX80MR32; 7 137,83 € ; 2 855 131 Ft ;
Ariston NIMBUS FLEX 80 M-T NET R32 h€szivatty€ kit + HMV t€rol€;FLEX80MTR32; 7 976,29 € ; 3 190 514 Ft ;
Ariston NIMBUS FLEX 120 M NET R32 h€szivatty€ kit + HMV t€rol€;FLEX120MR32; 8 727,25 € ; 3 490 901 Ft ;
Ariston NIMBUS FLEX 120 M-T NET R32 h€szivatty€ kit + HMV t€rol€;FLEX120MTR32; 8 941,12 € ; 3 576 448 Ft ;
Ariston NIMBUS FLEX 150 M NET R32 h€szivatty€ kit + HMV t€rol€;FLEX150MR32; 9 339,69 € ; 3 735 876 Ft ;
Ariston NIMBUS FLEX 150 M-T NET R32 h€szivatty€ kit + HMV t€rol€;FLEX150MTR32; 9 565,71 € ; 3 826 284 Ft ;
Ariston NIMBUS PLUS 35 S NET R32 h€szivatty€ kit + HMV el€k€sz€t€s;PLUS35SR32; 4 987,00 € ; 1 994 801 Ft ;
Ariston NIMBUS PLUS 50 S NET R32 h€szivatty€ kit + HMV el€k€sz€t€s;PLUS50SR32; 5 234,89 € ; 2 093 957 Ft ;
Ariston NIMBUS PLUS 80 S NET R32 h€szivatty€ kit + HMV el€k€sz€t€s;PLUS80SR32; 5 601,87 € ; 2 240 748 Ft ;
Ariston NIMBUS PLUS 80 S-T NET R32 h€szivatty€ kit + HMV el€k€sz€t€s;PLUS80STR32; 6 423,32 € ; 2 569 326 Ft ;
Ariston NIMBUS PLUS 120 S NET R32 h€szivatty€ kit + HMV el€k€sz€t€s;PLUS120SR32; 7 378,43 € ; 2 951 372 Ft ;
Ariston NIMBUS PLUS 120 S-T NET R32 h€szivatty€ kit + HMV el€k€sz€t€s;PLUS120STR32; 7 533,97 € ; 3 013 588 Ft ;
Ariston NIMBUS PLUS 150 S NET R32 h€szivatty€ kit + HMV el€k€sz€t€s;PLUS150SR32; 8 034,61 € ; 3 213 845 Ft ;
Ariston NIMBUS PLUS 150 S-T NET R32 h€szivatty€ kit + HMV el€k€sz€t€s;PLUS150STR32; 8 204,74 € ; 3 281 894 Ft ;
Ariston NIMBUS COMPACT 35 S NET R32 h€szivatty€ kit + HMV t€rol€;COMP35SR32; 7 201,02 € ; 2 880 406 Ft ;
Ariston NIMBUS COMPACT 35 S 2Z NET R32 h€szivatty€ kit + HMV t€rol€;COMP35S2ZR32; 8 664,06 € ; 3 465 626 Ft ;
Ariston NIMBUS COMPACT 50 S NET R32 h€szivatty€ kit + HMV t€rol€;COMP50SR32; 7 417,31 € ; 2 966 926 Ft ;
Ariston NIMBUS COMPACT 50 S 2Z NET R32 h€szivatty€ kit + HMV t€rol€;COMP50S2ZR32; 9 011,60 € ; 3 604 640 Ft ;
Ariston NIMBUS COMPACT 80 S NET R32 h€szivatty€ kit + HMV t€rol€;COMP80SR32; 7 818,32 € ; 3 127 326 Ft ;
Ariston NIMBUS COMPACT 80 S 2Z NET R32 h€szivatty€ kit + HMV t€rol€;COMP80S2ZR32; 9 281,36 € ; 3 712 545 Ft ;
Ariston NIMBUS COMPACT 80 S-T NET R32 h€szivatty€ kit + HMV t€rol€;COMP80STR32; 8 637,33 € ; 3 454 932 Ft ;
Ariston NIMBUS COMPACT 80 S-T 2Z NET R32 h€szivatty€ kit + HMV t€rol€;COMP80ST2ZR32; 10 102,81 € ; 4 041 124 Ft ;
Ariston NIMBUS COMPACT 120 S NET R32 h€szivatty€ kit + HMV t€rol€;COMP120SR32; 9 614,32 € ; 3 845 727 Ft ;
Ariston NIMBUS COMPACT 120 ST NET R32 h€szivatty€ kit + HMV t€rol€;COMP120STR32; 9 760,14 € ; 3 904 054 Ft ;
Ariston NIMBUS COMPACT 150 S NET R32 h€szivatty€ kit + HMV t€rol€;COMP150SR32; 10 255,92 € ; 4 102 368 Ft ;
Ariston NIMBUS COMPACT 150 ST NET R32 h€szivatty€ kit + HMV t€rol€;COMP150STR32; 10 409,03 € ; 4 163 611 Ft ;
Ariston NIMBUS FLEX 35 S NET R32 h€szivatty€ kit + HMV t€rol€;FLEX35SR32; 6 678,50 € ; 2 671 400 Ft ;
Ariston NIMBUS FLEX 50 S NET R32 h€szivatty€ kit + HMV t€rol€;FLEX50SR32; 6 945,83 € ; 2 778 333 Ft ;
Ariston NIMBUS FLEX 80 S NET R32 h€szivatty€ kit + HMV t€rol€;FLEX80SR32; 7 295,80 € ; 2 918 319 Ft ;
Ariston NIMBUS FLEX 80 S -T NET R32 h€szivatty€ kit + HMV t€rol€;FLEX80STR32; 8 117,24 € ; 3 246 898 Ft ;
Ariston NIMBUS FLEX 120 S NET R32 h€szivatty€ kit + HMV t€rol€;FLEX120SR32; 8 605,74 € ; 3 442 295 Ft ;
Ariston NIMBUS FLEX 120 S-T NET R32 h€szivatty€ kit + HMV t€rol€;FLEX120STR32; 8 746,69 € ; 3 498 678 Ft ;
Ariston NIMBUS FLEX 150 S NET R32 h€szivatty€ kit + HMV t€rol€;FLEX150SR32; 9 264,35 € ; 3 705 741 Ft ;
Ariston NIMBUS FLEX 150 S-T NET R32 h€szivatty€ kit + HMV t€rol€;FLEX150STR32; 9 417,46 € ; 3 766 984 Ft ;
Ariston CD1 200 H t€rol€ 200 literes HMV t€rol€ h€szivatty€s rendszerekhez;CD1200; 1 203,00 € ; 481 202 Ft ;
Ariston CD1 300 H t€rol€ 300 literes HMV t€rol€ h€szivatty€s rendszerekhez;CD1300; 1 579,70 € ; 631 881 Ft ;
Ariston fagymentes€t€ kit;ANTIFR; 159,91 € ; 63 966 Ft ;
Ariston cseppt€lca;PAN; 28,43 € ; 11 374 Ft ;
Ariston cseppt€lca f€t€s;HEATPAN; 145,58 € ; 58 230 Ft ;
Ariston HMV v€lt€szelep,  Plus, Pocket, Hybrid ;DHWKIT; 117,63 € ; 47 051 Ft ;
Ventherm VT-WAS-8 split h€szivatty€ kit+HMV el€k€sz€t€s;VTWAS8; 2 928,93 € ; 1 171 573 Ft ;
Ventherm VT-WAS-12 split h€szivatty€ kit+HMV el€k€sz€t€s;VTWAS12; 3 518,15 € ; 1 407 259 Ft ;
Ventherm VT-WAS-16 split h€szivatty€ kit+HMV el€k€sz€t€s;VTWAS16; 4 235,92 € ; 1 694 367 Ft ;
Ventherm VT-WAC-8 monoblokk h€szivatty€ kit+HMV el€k€sz€t€s;VTWAC8; 3 168,90 € ; 1 267 561 Ft ;
Ventherm VT-WAC-12 monoblokk h€szivatty€ kit+HMV el€k€sz€t€s;VTWAC12; 3 948,81 € ; 1 579 524 Ft ;
Ventherm VT-WAC-16 monoblokk h€szivatty€ kit+HMV el€k€sz€t€s;VTWAC16; 4 555,17 € ; 1 822 066 Ft ;
Ventherm HMV v€lt€szelep k€szlet;VTDHWV; 104,26 € ; 41 703 Ft ;
;;;;
Az €rak nett€ €rak, az adatok t€j€koztat€ jelleg€ek, nem helyettes€tik a m€retez€st, nem min€s€lnek €raj€nlatnak.;;;;
Az €rak 400 Forint / Eur€ €rfolyamig €rv€nyesek 2024.09.19-t€l.;;;;
